date,ticker,action,quantity,price,fees
2016-02-29,CASH,DEPOSIT,0.0,25000.0,0.0
2016-02-29,VTI,BUY,12.325467,194.72,2.4
2016-02-29,VXUS,BUY,43.940131,54.62,2.4
2016-02-29,BND,BUY,30.996206,77.43,2.4
2016-02-29,SPY,BUY,10.619854,225.99,2.4
2016-02-29,QQQ,BUY,22.076648,108.71,2.4
2016-02-29,TLT,BUY,20.23691,118.6,2.4
2016-02-29,GLD,BUY,20.221481,118.69,2.4
2016-02-29,VNQ,BUY,30.81748,77.88,2.4
2016-02-29,AAPL,BUY,98.307646,24.41,2.4
2016-02-29,MSFT,BUY,46.732247,51.36,2.4
2016-03-31,CASH,DEPOSIT,0.0,4000.0,0.0
2016-03-31,CASH,INTEREST,0.0,7.07,0.0
2016-03-31,XLY,BUY,4.846737,68.83,0.5
2016-03-31,XLF,BUY,28.780407,23.77,0.68
2016-03-31,GLD,BUY,4.750089,109.48,0.52
2016-03-31,GOOGL,BUY,7.834636,40.4,0.5
2016-03-31,AAPL,BUY,37.232266,23.37,0.87
2016-03-31,EFA,BUY,2.565044,53.86,0.5
2016-03-31,IWM,BUY,2.989366,106.29,0.5
2016-03-31,SCHD,BUY,9.827898,42.69,0.5
2016-03-31,VTI,DIVIDEND,0.0,65.76,0.0
2016-03-31,VXUS,DIVIDEND,0.0,55.99,0.0
2016-03-31,BND,DIVIDEND,0.0,59.08,0.0
2016-03-31,SPY,DIVIDEND,0.0,55.98,0.0
2016-03-31,QQQ,DIVIDEND,0.0,80.52,0.0
2016-03-31,VNQ,DIVIDEND,0.0,61.87,0.0
2016-03-31,SCHD,DIVIDEND,0.0,51.42,0.0
2016-03-31,AAPL,DIVIDEND,0.0,70.23,0.0
2016-03-31,MSFT,DIVIDEND,0.0,49.79,0.0
2016-04-29,CASH,DEPOSIT,0.0,4000.0,0.0
2016-04-29,CASH,INTEREST,0.0,8.42,0.0
2016-04-29,XLV,BUY,3.306752,59.41,0.5
2016-04-29,NVDA,BUY,6.296733,8.06,0.5
2016-04-29,META,BUY,9.654955,89.83,0.87
2016-04-29,AMZN,BUY,13.16144,28.15,0.5
2016-04-29,VXUS,BUY,12.963859,53.73,0.7
2016-04-29,XLI,BUY,11.297371,49.5,0.56
2016-04-29,XLK,BUY,4.711865,48.01,0.5
2016-04-29,SCHD,BUY,13.647822,46.38,0.63
2016-05-31,CASH,DEPOSIT,0.0,4000.0,0.0
2016-05-31,CASH,INTEREST,0.0,4.47,0.0
2016-05-31,XLF,BUY,2.418888,23.6,0.5
2016-05-31,XLU,BUY,12.676,48.04,0.61
2016-05-31,EFA,BUY,0.541672,53.75,0.5
2016-05-31,IEF,BUY,17.07115,95.4,1.63
2016-05-31,XLV,BUY,8.248565,67.4,0.56
2016-05-31,GLD,BUY,0.707442,117.67,0.5
2016-05-31,MSFT,BUY,0.041801,49.78,0.5
2016-05-31,GOOGL,BUY,15.709648,40.42,0.64
2016-06-30,CASH,DEPOSIT,0.0,4000.0,0.0
2016-06-30,CASH,INTEREST,0.0,5.79,0.0
2016-06-30,SPY,BUY,2.647064,202.7,0.54
2016-06-30,BRK-B,BUY,3.125264,133.23,0.5
2016-06-30,XLF,BUY,36.762298,24.35,0.9
2016-06-30,EFA,BUY,5.343056,49.07,0.5
2016-06-30,TSLA,BUY,3.259315,16.03,0.5
2016-06-30,XLI,BUY,9.939922,51.56,0.51
2016-06-30,AMZN,BUY,19.342325,30.34,0.59
2016-06-30,MSFT,BUY,6.554546,51.57,0.5
2016-06-30,VTI,DIVIDEND,0.0,48.12,0.0
2016-06-30,VXUS,DIVIDEND,0.0,65.8,0.0
2016-06-30,BND,DIVIDEND,0.0,71.57,0.0
2016-06-30,SPY,DIVIDEND,0.0,82.78,0.0
2016-06-30,QQQ,DIVIDEND,0.0,62.82,0.0
2016-06-30,VNQ,DIVIDEND,0.0,59.92,0.0
2016-06-30,SCHD,DIVIDEND,0.0,62.98,0.0
2016-06-30,AAPL,DIVIDEND,0.0,77.15,0.0
2016-06-30,MSFT,DIVIDEND,0.0,71.29,0.0
2016-07-29,CASH,DEPOSIT,0.0,4000.0,0.0
2016-07-29,CASH,INTEREST,0.0,6.94,0.0
2016-07-29,SCHD,BUY,20.453726,47.69,0.98
2016-07-29,XLU,BUY,7.182716,47.19,0.5
2016-07-29,VTI,BUY,3.621815,198.9,0.72
2016-07-29,XLI,BUY,19.158808,51.68,0.99
2016-07-29,GOOGL,BUY,4.09717,40.85,0.5
2016-07-29,TLT,BUY,0.442477,115.22,0.5
2016-07-29,EFA,BUY,2.033151,55.64,0.5
2016-07-29,XLV,BUY,3.689944,66.02,0.5
2016-08-31,CASH,DEPOSIT,0.0,4000.0,0.0
2016-08-31,CASH,INTEREST,0.0,6.4,0.0
2016-08-31,MSFT,BUY,17.14116,47.01,0.81
2016-08-31,TSLA,BUY,7.052533,15.58,0.5
2016-08-31,AAPL,BUY,7.894213,26.08,0.5
2016-08-31,NVDA,BUY,36.566704,9.34,0.5
2016-08-31,META,BUY,1.372262,92.7,0.5
2016-08-31,XLF,BUY,43.236138,23.22,1.0
2016-08-31,EFA,BUY,16.177077,57.1,0.92
2016-08-31,XLU,BUY,1.852656,44.07,0.5
2016-09-30,CASH,DEPOSIT,0.0,4000.0,0.0
2016-09-30,CASH,INTEREST,0.0,10.29,0.0
2016-09-30,XLP,BUY,2.683829,54.3,0.5
2016-09-30,VNQ,BUY,9.377996,74.61,0.7
2016-09-30,META,BUY,2.690564,91.53,0.5
2016-09-30,EFA,BUY,9.28855,57.85,0.54
2016-09-30,XLV,BUY,8.12968,66.32,0.54
2016-09-30,VXUS,BUY,7.761585,53.1,0.5
2016-09-30,BND,BUY,0.64525,78.77,0.5
2016-09-30,AAPL,BUY,39.098878,24.78,0.97
2016-09-30,VTI,DIVIDEND,0.0,78.74,0.0
2016-09-30,VXUS,DIVIDEND,0.0,64.81,0.0
2016-09-30,BND,DIVIDEND,0.0,89.5,0.0
2016-09-30,SPY,DIVIDEND,0.0,66.17,0.0
2016-09-30,QQQ,DIVIDEND,0.0,70.78,0.0
2016-09-30,VNQ,DIVIDEND,0.0,82.14,0.0
2016-09-30,SCHD,DIVIDEND,0.0,61.69,0.0
2016-09-30,AAPL,DIVIDEND,0.0,76.27,0.0
2016-09-30,MSFT,DIVIDEND,0.0,87.07,0.0
2016-10-31,CASH,DEPOSIT,0.0,4000.0,0.0
2016-10-31,CASH,INTEREST,0.0,4.79,0.0
2016-10-31,NVDA,BUY,4.098104,8.5,0.5
2016-10-31,AAPL,BUY,30.430735,26.66,0.81
2016-10-31,META,BUY,8.530159,96.44,0.82
2016-10-31,EEM,BUY,10.982079,32.56,0.5
2016-10-31,XLB,BUY,3.079466,47.95,0.5
2016-10-31,TLT,BUY,1.194498,128.25,0.5
2016-10-31,XLV,BUY,6.992395,66.02,0.5
2016-10-31,SCHD,BUY,15.650016,51.82,0.81
2016-11-30,CASH,DEPOSIT,0.0,4000.0,0.0
2016-11-30,CASH,INTEREST,0.0,8.95,0.0
2016-11-30,XLK,BUY,10.157663,49.66,0.5
2016-11-30,NVDA,BUY,13.072943,9.28,0.5
2016-11-30,XLF,BUY,25.84161,23.03,0.6
2016-11-30,QQQ,BUY,1.153569,112.21,0.5
2016-11-30,TLT,BUY,1.547877,121.54,0.5
2016-11-30,XLY,BUY,9.215558,71.17,0.66
2016-11-30,GOOGL,BUY,11.867663,42.24,0.5
2016-11-30,VXUS,BUY,15.249959,59.29,0.9
2016-12-30,CASH,DEPOSIT,0.0,4000.0,0.0
2016-12-30,CASH,INTEREST,0.0,8.55,0.0
2016-12-30,IWM,BUY,8.616106,116.63,1.0
2016-12-30,XLI,BUY,8.779093,50.48,0.5
2016-12-30,VTI,BUY,2.629449,207.56,0.55
2016-12-30,IEF,BUY,4.295041,100.2,0.5
2016-12-30,BRK-B,BUY,0.959635,143.62,0.5
2016-12-30,XLY,BUY,10.640116,76.43,0.81
2016-12-30,XLK,BUY,4.372429,47.83,0.5
2016-12-30,MSFT,BUY,0.3058,51.08,0.5
2016-12-30,VTI,DIVIDEND,0.0,64.85,0.0
2016-12-30,VXUS,DIVIDEND,0.0,75.53,0.0
2016-12-30,BND,DIVIDEND,0.0,88.56,0.0
2016-12-30,SPY,DIVIDEND,0.0,82.14,0.0
2016-12-30,QQQ,DIVIDEND,0.0,67.54,0.0
2016-12-30,VNQ,DIVIDEND,0.0,81.73,0.0
2016-12-30,SCHD,DIVIDEND,0.0,83.85,0.0
2016-12-30,AAPL,DIVIDEND,0.0,71.16,0.0
2016-12-30,MSFT,DIVIDEND,0.0,81.54,0.0
2017-01-31,CASH,DEPOSIT,0.0,4000.0,0.0
2017-01-31,CASH,INTEREST,0.0,8.12,0.0
2017-01-31,VNQ,BUY,9.98713,75.9,0.76
2017-01-31,EEM,BUY,13.840955,35.23,0.5
2017-01-31,NVDA,BUY,42.115997,10.24,0.5
2017-01-31,BRK-B,BUY,3.051076,143.52,0.5
2017-01-31,VXUS,BUY,2.579333,62.39,0.5
2017-01-31,BND,BUY,1.488497,84.34,0.5
2017-01-31,QQQ,BUY,4.910463,121.91,0.6
2017-01-31,IEF,BUY,5.979242,100.36,0.6
2017-02-28,CASH,DEPOSIT,0.0,4000.0,0.0
2017-02-28,CASH,INTEREST,0.0,9.52,0.0
2017-02-28,META,BUY,4.346575,94.91,0.5
2017-02-28,SCHD,BUY,1.687014,51.25,0.5
2017-02-28,VTI,BUY,3.673908,205.86,0.76
2017-02-28,XLU,BUY,0.697318,45.98,0.5
2017-02-28,TSLA,BUY,35.138041,15.62,0.55
2017-02-28,VXUS,BUY,11.157116,61.42,0.69
2017-02-28,XLP,BUY,5.684402,52.03,0.5
2017-02-28,QQQ,BUY,6.518499,120.09,0.78
2017-03-31,CASH,DEPOSIT,0.0,4000.0,0.0
2017-03-31,CASH,INTEREST,0.0,8.09,0.0
2017-03-31,EFA,BUY,4.92786,57.82,0.5
2017-03-31,VXUS,BUY,6.473982,57.4,0.5
2017-03-31,MSFT,BUY,8.779942,54.02,0.5
2017-03-31,XLP,BUY,24.483018,55.71,1.36
2017-03-31,IEF,BUY,2.469958,107.7,0.5
2017-03-31,TLT,BUY,1.165442,122.57,0.5
2017-03-31,XLB,BUY,12.0789,48.08,0.58
2017-03-31,BND,BUY,1.454005,79.56,0.5
2017-03-31,VTI,DIVIDEND,0.0,79.47,0.0
2017-03-31,VXUS,DIVIDEND,0.0,103.65,0.0
2017-03-31,BND,DIVIDEND,0.0,90.05,0.0
2017-03-31,SPY,DIVIDEND,0.0,73.39,0.0
2017-03-31,QQQ,DIVIDEND,0.0,95.18,0.0
2017-03-31,VNQ,DIVIDEND,0.0,107.22,0.0
2017-03-31,SCHD,DIVIDEND,0.0,96.32,0.0
2017-03-31,AAPL,DIVIDEND,0.0,70.81,0.0
2017-03-31,MSFT,DIVIDEND,0.0,81.16,0.0
2017-04-28,CASH,DEPOSIT,0.0,4000.0,0.0
2017-04-28,CASH,INTEREST,0.0,10.53,0.0
2017-04-28,AAPL,BUY,0.480153,26.37,0.5
2017-04-28,SCHD,BUY,2.613283,41.23,0.5
2017-04-28,BND,BUY,0.528574,77.8,0.5
2017-04-28,XLB,BUY,0.74743,48.58,0.5
2017-04-28,GOOGL,BUY,41.189211,41.0,1.69
2017-04-28,GLD,BUY,8.164243,130.08,1.06
2017-04-28,SPY,BUY,2.632883,213.18,0.56
2017-04-28,TSLA,BUY,5.605191,16.04,0.5
2017-05-31,CASH,DEPOSIT,0.0,4000.0,0.0
2017-05-31,CASH,INTEREST,0.0,8.26,0.0
2017-05-31,XLK,BUY,5.276033,49.67,0.5
2017-05-31,IEF,BUY,5.355976,102.49,0.55
2017-05-31,XLB,BUY,7.844846,49.78,0.5
2017-05-31,AMZN,BUY,31.793783,34.09,1.08
2017-05-31,TSLA,BUY,33.703061,17.81,0.6
2017-05-31,XLV,BUY,1.480468,67.07,0.5
2017-05-31,BRK-B,BUY,0.258201,158.25,0.5
2017-05-31,EEM,BUY,18.076631,31.76,0.57
2017-06-30,CASH,DEPOSIT,0.0,4000.0,0.0
2017-06-30,CASH,INTEREST,0.0,7.7,0.0
2017-06-30,GLD,BUY,12.840469,125.31,1.61
2017-06-30,VXUS,BUY,19.384226,60.23,1.17
2017-06-30,XLY,BUY,1.428215,75.56,0.5
2017-06-30,NVDA,BUY,4.1432,8.59,0.5
2017-06-30,SCHD,BUY,1.013328,51.92,0.5
2017-06-30,AAPL,BUY,0.323413,28.16,0.5
2017-06-30,XLU,BUY,1.021967,48.07,0.5
2017-06-30,XLV,BUY,7.569267,75.17,0.57
2017-06-30,VTI,DIVIDEND,0.0,95.07,0.0
2017-06-30,VXUS,DIVIDEND,0.0,100.13,0.0
2017-06-30,BND,DIVIDEND,0.0,98.3,0.0
2017-06-30,SPY,DIVIDEND,0.0,83.71,0.0
2017-06-30,QQQ,DIVIDEND,0.0,86.4,0.0
2017-06-30,VNQ,DIVIDEND,0.0,99.47,0.0
2017-06-30,SCHD,DIVIDEND,0.0,98.1,0.0
2017-06-30,AAPL,DIVIDEND,0.0,91.79,0.0
2017-06-30,MSFT,DIVIDEND,0.0,93.17,0.0
2017-07-31,CASH,DEPOSIT,0.0,4000.0,0.0
2017-07-31,CASH,INTEREST,0.0,10.56,0.0
2017-07-31,EFA,BUY,2.330415,59.42,0.5
2017-07-31,NVDA,BUY,93.514766,9.49,0.89
2017-07-31,VTI,BUY,3.067604,211.76,0.65
2017-07-31,TSLA,BUY,10.782233,17.27,0.5
2017-07-31,XLY,BUY,6.019182,76.72,0.5
2017-07-31,EEM,BUY,12.892226,36.2,0.5
2017-07-31,VNQ,BUY,0.435964,82.96,0.5
2017-07-31,BND,BUY,9.221498,83.9,0.77
2017-08-31,CASH,DEPOSIT,0.0,4000.0,0.0
2017-08-31,CASH,INTEREST,0.0,9.19,0.0
2017-08-31,XLF,BUY,18.3083,24.62,0.5
2017-08-31,BND,BUY,3.346107,80.23,0.5
2017-08-31,MSFT,BUY,2.785378,56.21,0.5
2017-08-31,XLY,BUY,2.373633,75.75,0.5
2017-08-31,VTI,BUY,2.256842,223.18,0.5
2017-08-31,XLU,BUY,12.58829,50.03,0.63
2017-08-31,GLD,BUY,5.990355,118.11,0.71
2017-08-31,XLP,BUY,12.764497,55.1,0.7
2017-09-29,CASH,DEPOSIT,0.0,4000.0,0.0
2017-09-29,CASH,INTEREST,0.0,8.83,0.0
2017-09-29,XLP,BUY,11.564877,54.75,0.63
2017-09-29,XLV,BUY,1.031884,67.93,0.5
2017-09-29,XLU,BUY,1.225627,47.13,0.5
2017-09-29,XLY,BUY,10.439567,76.03,0.79
2017-09-29,BND,BUY,0.594184,83.6,0.5
2017-09-29,EEM,BUY,30.981105,36.61,1.13
2017-09-29,SPY,BUY,3.170419,254.05,0.81
2017-09-29,XLF,BUY,2.158229,25.85,0.5
2017-09-29,VTI,DIVIDEND,0.0,96.4,0.0
2017-09-29,VXUS,DIVIDEND,0.0,97.81,0.0
2017-09-29,BND,DIVIDEND,0.0,87.97,0.0
2017-09-29,SPY,DIVIDEND,0.0,97.81,0.0
2017-09-29,QQQ,DIVIDEND,0.0,95.11,0.0
2017-09-29,VNQ,DIVIDEND,0.0,101.23,0.0
2017-09-29,SCHD,DIVIDEND,0.0,89.73,0.0
2017-09-29,AAPL,DIVIDEND,0.0,103.19,0.0
2017-09-29,MSFT,DIVIDEND,0.0,113.33,0.0
2017-10-31,CASH,DEPOSIT,0.0,4000.0,0.0
2017-10-31,CASH,INTEREST,0.0,7.78,0.0
2017-10-31,XLK,BUY,1.990261,52.02,0.5
2017-10-31,SCHD,BUY,12.110218,51.57,0.62
2017-10-31,XLV,BUY,1.056546,73.71,0.5
2017-10-31,AMZN,BUY,29.748722,34.17,1.02
2017-10-31,IWM,BUY,0.032895,114.4,0.5
2017-10-31,XLE,BUY,15.831142,68.08,1.08
2017-10-31,QQQ,BUY,0.106259,127.77,0.5
2017-10-31,IEF,BUY,5.909855,115.48,0.68
2017-11-30,CASH,DEPOSIT,0.0,4000.0,0.0
2017-11-30,CASH,INTEREST,0.0,9.92,0.0
2017-11-30,EFA,BUY,3.023086,69.57,0.5
2017-11-30,MSFT,BUY,6.265167,54.7,0.5
2017-11-30,XLP,BUY,5.577492,54.61,0.5
2017-11-30,META,BUY,8.067735,99.53,0.8
2017-11-30,GOOGL,BUY,0.39594,40.76,0.5
2017-11-30,SPY,BUY,0.490941,233.11,0.5
2017-11-30,QQQ,BUY,8.639417,120.64,1.04
2017-11-30,XLB,BUY,14.833203,51.69,0.77
2017-12-29,CASH,DEPOSIT,0.0,4000.0,0.0
2017-12-29,CASH,INTEREST,0.0,8.68,0.0
2017-12-29,XLU,BUY,1.999391,56.44,0.5
2017-12-29,EFA,BUY,8.694496,58.9,0.51
2017-12-29,BND,BUY,3.746456,93.88,0.5
2017-12-29,AAPL,BUY,1.781206,30.36,0.5
2017-12-29,XLV,BUY,10.123047,72.78,0.74
2017-12-29,QQQ,BUY,4.567689,115.33,0.53
2017-12-29,NVDA,BUY,93.066168,9.79,0.91
2017-12-29,MSFT,BUY,6.914018,57.0,0.5
2017-12-29,VTI,DIVIDEND,0.0,116.38,0.0
2017-12-29,VXUS,DIVIDEND,0.0,88.06,0.0
2017-12-29,BND,DIVIDEND,0.0,98.01,0.0
2017-12-29,SPY,DIVIDEND,0.0,104.05,0.0
2017-12-29,QQQ,DIVIDEND,0.0,104.47,0.0
2017-12-29,VNQ,DIVIDEND,0.0,99.5,0.0
2017-12-29,SCHD,DIVIDEND,0.0,110.23,0.0
2017-12-29,AAPL,DIVIDEND,0.0,93.32,0.0
2017-12-29,MSFT,DIVIDEND,0.0,102.58,0.0
2018-01-31,CASH,DEPOSIT,0.0,4000.0,0.0
2018-01-31,CASH,INTEREST,0.0,8.24,0.0
2018-01-31,VNQ,BUY,1.691315,88.72,0.5
2018-01-31,XLY,BUY,7.530844,85.49,0.64
2018-01-31,XLP,BUY,9.617195,57.86,0.56
2018-01-31,VXUS,BUY,3.663256,69.97,0.5
2018-01-31,IWM,BUY,0.528941,131.73,0.5
2018-01-31,BRK-B,BUY,4.346789,148.07,0.64
2018-01-31,TLT,BUY,2.926034,145.12,0.5
2018-01-31,AAPL,BUY,28.739339,29.76,0.86
2018-01-31,SPY,SELL,0.592856,258.77,0.5
2018-01-31,QQQ,SELL,0.110181,124.12,0.5
2018-01-31,AAPL,SELL,0.345411,28.34,0.5
2018-01-31,MSFT,SELL,0.406232,52.68,0.5
2018-02-28,CASH,DEPOSIT,0.0,4000.0,0.0
2018-02-28,CASH,INTEREST,0.0,10.89,0.0
2018-02-28,XLE,BUY,11.556527,63.67,0.74
2018-02-28,SCHD,BUY,2.580527,52.06,0.5
2018-02-28,TSLA,BUY,12.766283,17.73,0.5
2018-02-28,XLU,BUY,9.217263,52.11,0.5
2018-02-28,GOOGL,BUY,3.80937,41.6,0.5
2018-02-28,VTI,BUY,1.391568,219.42,0.5
2018-02-28,VXUS,BUY,10.433936,59.64,0.62
2018-02-28,EFA,BUY,14.210729,65.94,0.94
2018-03-30,CASH,DEPOSIT,0.0,4000.0,0.0
2018-03-30,CASH,INTEREST,0.0,8.73,0.0
2018-03-30,VTI,BUY,0.672905,211.25,0.5
2018-03-30,GOOGL,BUY,6.611103,45.43,0.5
2018-03-30,EEM,BUY,44.852367,35.85,1.61
2018-03-30,XLK,BUY,8.710964,52.22,0.5
2018-03-30,XLV,BUY,10.844917,71.91,0.78
2018-03-30,VXUS,BUY,2.146554,62.39,0.5
2018-03-30,META,BUY,1.531926,98.71,0.5
2018-03-30,MSFT,BUY,0.461221,64.06,0.5
2018-03-30,VTI,DIVIDEND,0.0,110.35,0.0
2018-03-30,VXUS,DIVIDEND,0.0,103.0,0.0
2018-03-30,BND,DIVIDEND,0.0,112.14,0.0
2018-03-30,SPY,DIVIDEND,0.0,108.88,0.0
2018-03-30,QQQ,DIVIDEND,0.0,107.79,0.0
2018-03-30,VNQ,DIVIDEND,0.0,116.14,0.0
2018-03-30,SCHD,DIVIDEND,0.0,117.58,0.0
2018-03-30,AAPL,DIVIDEND,0.0,104.69,0.0
2018-03-30,MSFT,DIVIDEND,0.0,104.24,0.0
2018-04-30,CASH,DEPOSIT,0.0,4000.0,0.0
2018-04-30,CASH,INTEREST,0.0,7.45,0.0
2018-04-30,TLT,BUY,3.835775,124.59,0.5
2018-04-30,XLU,BUY,3.749376,60.93,0.5
2018-04-30,EEM,BUY,7.771658,39.65,0.5
2018-04-30,XLP,BUY,11.716845,58.29,0.68
2018-04-30,MSFT,BUY,0.332011,55.86,0.5
2018-04-30,XLE,BUY,2.230051,64.75,0.5
2018-04-30,AMZN,BUY,17.438926,35.56,0.62
2018-04-30,XLV,BUY,15.255512,73.38,1.12
2018-05-31,CASH,DEPOSIT,0.0,4000.0,0.0
2018-05-31,CASH,INTEREST,0.0,5.16,0.0
2018-05-31,BND,BUY,0.152231,88.46,0.5
2018-05-31,AAPL,BUY,8.149327,31.68,0.5
2018-05-31,XLU,BUY,2.960064,53.31,0.5
2018-05-31,XLE,BUY,3.889598,67.75,0.5
2018-05-31,TSLA,BUY,4.448168,19.05,0.5
2018-05-31,BRK-B,BUY,9.326803,157.53,1.47
2018-05-31,SCHD,BUY,11.878831,50.35,0.6
2018-05-31,MSFT,BUY,12.918911,58.44,0.75
2018-06-29,CASH,DEPOSIT,0.0,4000.0,0.0
2018-06-29,CASH,INTEREST,0.0,6.25,0.0
2018-06-29,AAPL,BUY,16.698341,27.62,0.5
2018-06-29,XLP,BUY,6.544224,57.4,0.5
2018-06-29,IEF,BUY,1.777658,109.99,0.5
2018-06-29,GLD,BUY,15.099602,126.67,1.91
2018-06-29,SCHD,BUY,8.091784,51.09,0.5
2018-06-29,EEM,BUY,3.159686,38.07,0.5
2018-06-29,TLT,BUY,0.349324,136.48,0.5
2018-06-29,AMZN,BUY,2.042055,36.08,0.5
2018-06-29,VTI,DIVIDEND,0.0,115.5,0.0
2018-06-29,VXUS,DIVIDEND,0.0,113.61,0.0
2018-06-29,BND,DIVIDEND,0.0,106.92,0.0
2018-06-29,SPY,DIVIDEND,0.0,110.23,0.0
2018-06-29,QQQ,DIVIDEND,0.0,123.55,0.0
2018-06-29,VNQ,DIVIDEND,0.0,121.01,0.0
2018-06-29,SCHD,DIVIDEND,0.0,106.22,0.0
2018-06-29,AAPL,DIVIDEND,0.0,116.99,0.0
2018-06-29,MSFT,DIVIDEND,0.0,123.51,0.0
2018-07-31,CASH,DEPOSIT,0.0,4000.0,0.0
2018-07-31,CASH,INTEREST,0.0,4.66,0.0
2018-07-31,META,BUY,10.252062,110.32,1.13
2018-07-31,XLP,BUY,2.592022,61.57,0.5
2018-07-31,TSLA,BUY,18.364307,16.41,0.5
2018-07-31,XLI,BUY,7.181501,59.47,0.5
2018-07-31,BND,BUY,6.494129,84.08,0.55
2018-07-31,XLK,BUY,4.118525,51.95,0.5
2018-07-31,XLE,BUY,1.309923,71.77,0.5
2018-07-31,MSFT,BUY,12.730807,57.1,0.73
2018-08-31,CASH,DEPOSIT,0.0,4000.0,0.0
2018-08-31,CASH,INTEREST,0.0,7.23,0.0
2018-08-31,IWM,BUY,0.203521,110.43,0.5
2018-08-31,META,BUY,15.231405,103.7,1.58
2018-08-31,XLF,BUY,4.917804,27.16,0.5
2018-08-31,VNQ,BUY,6.396606,89.09,0.57
2018-08-31,TSLA,BUY,5.502488,18.33,0.5
2018-08-31,TLT,BUY,2.812345,139.65,0.5
2018-08-31,EFA,BUY,7.395408,66.29,0.5
2018-08-31,XLP,BUY,5.220826,59.53,0.5
2018-09-28,CASH,DEPOSIT,0.0,4000.0,0.0
2018-09-28,CASH,INTEREST,0.0,10.34,0.0
2018-09-28,GLD,BUY,0.69048,134.42,0.5
2018-09-28,XLY,BUY,11.092567,88.15,0.98
2018-09-28,NVDA,BUY,14.618617,9.5,0.5
2018-09-28,BRK-B,BUY,0.662547,166.29,0.5
2018-09-28,XLE,BUY,1.559772,70.92,0.5
2018-09-28,EFA,BUY,17.428949,59.6,1.04
2018-09-28,AAPL,BUY,23.547913,28.65,0.67
2018-09-28,BND,BUY,5.563797,82.03,0.5
2018-09-28,VTI,DIVIDEND,0.0,118.48,0.0
2018-09-28,VXUS,DIVIDEND,0.0,122.18,0.0
2018-09-28,BND,DIVIDEND,0.0,138.76,0.0
2018-09-28,SPY,DIVIDEND,0.0,125.27,0.0
2018-09-28,QQQ,DIVIDEND,0.0,119.81,0.0
2018-09-28,VNQ,DIVIDEND,0.0,130.29,0.0
2018-09-28,SCHD,DIVIDEND,0.0,99.89,0.0
2018-09-28,AAPL,DIVIDEND,0.0,124.36,0.0
2018-09-28,MSFT,DIVIDEND,0.0,129.71,0.0
2018-10-31,CASH,DEPOSIT,0.0,4000.0,0.0
2018-10-31,CASH,INTEREST,0.0,5.04,0.0
2018-10-31,TLT,BUY,0.449954,153.93,0.5
2018-10-31,AMZN,BUY,19.246312,37.91,0.73
2018-10-31,MSFT,BUY,7.69629,58.07,0.5
2018-10-31,XLB,BUY,6.425465,54.8,0.5
2018-10-31,EFA,BUY,15.903802,65.14,1.04
2018-10-31,XLV,BUY,8.886569,80.76,0.72
2018-10-31,XLF,BUY,2.79906,27.14,0.5
2018-10-31,XLY,BUY,1.930981,89.34,0.5
2018-11-30,CASH,DEPOSIT,0.0,4000.0,0.0
2018-11-30,CASH,INTEREST,0.0,6.98,0.0
2018-11-30,XLF,BUY,2.539871,28.01,0.5
2018-11-30,NVDA,BUY,109.085269,10.42,1.14
2018-11-30,XLU,BUY,1.476656,56.03,0.5
2018-11-30,AAPL,BUY,9.207785,33.36,0.5
2018-11-30,GLD,BUY,7.505962,129.01,0.97
2018-11-30,BND,BUY,1.148461,85.81,0.5
2018-11-30,IWM,BUY,1.353691,116.71,0.5
2018-11-30,IEF,BUY,6.239359,124.57,0.78
2018-12-31,CASH,DEPOSIT,0.0,4000.0,0.0
2018-12-31,CASH,INTEREST,0.0,9.31,0.0
2018-12-31,TLT,BUY,0.492063,146.79,0.5
2018-12-31,VXUS,BUY,5.541944,69.09,0.5
2018-12-31,EFA,BUY,4.483809,68.22,0.5
2018-12-31,MSFT,BUY,6.96293,58.91,0.5
2018-12-31,AMZN,BUY,0.210525,37.67,0.5
2018-12-31,XLF,BUY,30.223732,29.53,0.89
2018-12-31,VNQ,BUY,11.887024,98.19,1.17
2018-12-31,TSLA,BUY,18.18768,19.87,0.5
2018-12-31,VTI,DIVIDEND,0.0,122.89,0.0
2018-12-31,VXUS,DIVIDEND,0.0,118.1,0.0
2018-12-31,BND,DIVIDEND,0.0,126.74,0.0
2018-12-31,SPY,DIVIDEND,0.0,128.56,0.0
2018-12-31,QQQ,DIVIDEND,0.0,138.94,0.0
2018-12-31,VNQ,DIVIDEND,0.0,111.08,0.0
2018-12-31,SCHD,DIVIDEND,0.0,143.3,0.0
2018-12-31,AAPL,DIVIDEND,0.0,126.42,0.0
2018-12-31,MSFT,DIVIDEND,0.0,123.73,0.0
2019-01-31,CASH,DEPOSIT,0.0,4000.0,0.0
2019-01-31,CASH,INTEREST,0.0,5.98,0.0
2019-01-31,XLB,BUY,7.852597,50.91,0.5
2019-01-31,BND,BUY,14.325606,91.36,1.31
2019-01-31,EEM,BUY,5.663843,38.93,0.5
2019-01-31,IWM,BUY,1.972255,112.04,0.5
2019-01-31,GOOGL,BUY,14.097618,49.2,0.69
2019-01-31,MSFT,BUY,5.120479,60.95,0.5
2019-01-31,XLE,BUY,1.722676,76.58,0.5
2019-01-31,XLY,BUY,3.311539,94.31,0.5
2019-01-31,SPY,SELL,0.109166,273.59,0.5
2019-01-31,QQQ,SELL,0.772749,128.77,0.5
2019-01-31,AAPL,SELL,0.204064,31.63,0.5
2019-01-31,MSFT,SELL,0.797812,59.2,0.5
2019-02-28,CASH,DEPOSIT,0.0,4000.0,0.0
2019-02-28,CASH,INTEREST,0.0,7.67,0.0
2019-02-28,XLF,BUY,15.321113,27.24,0.5
2019-02-28,GOOGL,BUY,11.217428,48.25,0.54
2019-02-28,IEF,BUY,0.365617,113.6,0.5
2019-02-28,NVDA,BUY,83.145503,9.97,0.83
2019-02-28,XLP,BUY,2.302559,61.21,0.5
2019-02-28,XLV,BUY,15.761267,86.66,1.37
2019-02-28,IWM,BUY,1.216029,112.94,0.5
2019-02-28,XLY,BUY,1.382634,91.54,0.5
2019-03-29,CASH,DEPOSIT,0.0,4000.0,0.0
2019-03-29,CASH,INTEREST,0.0,10.49,0.0
2019-03-29,BND,BUY,0.952182,83.81,0.5
2019-03-29,TSLA,BUY,4.852361,19.57,0.5
2019-03-29,IEF,BUY,7.431363,125.96,0.94
2019-03-29,XLU,BUY,23.770471,58.12,1.38
2019-03-29,TLT,BUY,1.565956,141.15,0.5
2019-03-29,XLI,BUY,2.460459,60.7,0.5
2019-03-29,XLE,BUY,6.375331,76.63,0.5
2019-03-29,BRK-B,BUY,1.633545,152.16,0.5
2019-03-29,VTI,DIVIDEND,0.0,141.13,0.0
2019-03-29,VXUS,DIVIDEND,0.0,131.6,0.0
2019-03-29,BND,DIVIDEND,0.0,130.25,0.0
2019-03-29,SPY,DIVIDEND,0.0,141.11,0.0
2019-03-29,QQQ,DIVIDEND,0.0,138.44,0.0
2019-03-29,VNQ,DIVIDEND,0.0,130.39,0.0
2019-03-29,SCHD,DIVIDEND,0.0,145.59,0.0
2019-03-29,AAPL,DIVIDEND,0.0,123.19,0.0
2019-03-29,MSFT,DIVIDEND,0.0,140.16,0.0
2019-04-30,CASH,DEPOSIT,0.0,4000.0,0.0
2019-04-30,CASH,INTEREST,0.0,9.19,0.0
2019-04-30,AMZN,BUY,0.301849,37.02,0.5
2019-04-30,TSLA,BUY,4.168463,18.31,0.5
2019-04-30,EEM,BUY,4.713987,42.21,0.5
2019-04-30,XLU,BUY,0.421937,54.41,0.5
2019-04-30,VXUS,BUY,2.667552,64.08,0.5
2019-04-30,GLD,BUY,5.874632,127.14,0.75
2019-04-30,SPY,BUY,1.72283,271.18,0.5
2019-04-30,BND,BUY,21.658619,87.98,1.91
2019-05-31,CASH,DEPOSIT,0.0,4000.0,0.0
2019-05-31,CASH,INTEREST,0.0,11.51,0.0
2019-05-31,XLU,BUY,5.645692,57.02,0.5
2019-05-31,XLP,BUY,3.618492,63.47,0.5
2019-05-31,QQQ,BUY,1.027551,136.08,0.5
2019-05-31,EFA,BUY,17.202459,69.1,1.19
2019-05-31,VXUS,BUY,8.216699,70.37,0.58
2019-05-31,TSLA,BUY,3.501274,17.28,0.5
2019-05-31,XLF,BUY,31.456714,25.85,0.81
2019-05-31,BRK-B,BUY,1.577049,169.89,0.5
2019-06-28,CASH,DEPOSIT,0.0,4000.0,0.0
2019-06-28,CASH,INTEREST,0.0,8.34,0.0
2019-06-28,IEF,BUY,14.158974,119.23,1.69
2019-06-28,SCHD,BUY,5.203222,58.16,0.5
2019-06-28,TLT,BUY,0.549565,139.06,0.5
2019-06-28,SPY,BUY,0.461138,279.69,0.5
2019-06-28,XLP,BUY,0.11617,64.83,0.5
2019-06-28,MSFT,BUY,15.540837,64.14,1.0
2019-06-28,XLB,BUY,0.850012,59.8,0.5
2019-06-28,XLI,BUY,5.081476,68.61,0.5
2019-06-28,VTI,DIVIDEND,0.0,150.14,0.0
2019-06-28,VXUS,DIVIDEND,0.0,121.59,0.0
2019-06-28,BND,DIVIDEND,0.0,127.2,0.0
2019-06-28,SPY,DIVIDEND,0.0,133.75,0.0
2019-06-28,QQQ,DIVIDEND,0.0,140.26,0.0
2019-06-28,VNQ,DIVIDEND,0.0,145.18,0.0
2019-06-28,SCHD,DIVIDEND,0.0,132.74,0.0
2019-06-28,AAPL,DIVIDEND,0.0,141.87,0.0
2019-06-28,MSFT,DIVIDEND,0.0,132.45,0.0
2019-07-31,CASH,DEPOSIT,0.0,4000.0,0.0
2019-07-31,CASH,INTEREST,0.0,6.78,0.0
2019-07-31,AAPL,BUY,5.356632,29.59,0.5
2019-07-31,GLD,BUY,1.525854,134.06,0.5
2019-07-31,XLI,BUY,8.965732,65.9,0.59
2019-07-31,GOOGL,BUY,3.316794,49.47,0.5
2019-07-31,XLP,BUY,6.070965,64.06,0.5
2019-07-31,XLU,BUY,4.653708,64.63,0.5
2019-07-31,VTI,BUY,2.106099,240.77,0.51
2019-07-31,EEM,BUY,29.829361,43.09,1.29
2019-08-30,CASH,DEPOSIT,0.0,4000.0,0.0
2019-08-30,CASH,INTEREST,0.0,6.59,0.0
2019-08-30,XLB,BUY,1.156079,59.42,0.5
2019-08-30,XLE,BUY,0.591099,80.53,0.5
2019-08-30,NVDA,BUY,75.190538,10.56,0.79
2019-08-30,GOOGL,BUY,8.837659,47.18,0.5
2019-08-30,GLD,BUY,5.237555,135.68,0.71
2019-08-30,TSLA,BUY,18.339614,18.96,0.5
2019-08-30,TLT,BUY,1.126648,153.03,0.5
2019-08-30,SCHD,BUY,17.546443,59.39,1.04
2019-09-30,CASH,DEPOSIT,0.0,4000.0,0.0
2019-09-30,CASH,INTEREST,0.0,8.36,0.0
2019-09-30,BND,BUY,8.142662,90.06,0.73
2019-09-30,MSFT,BUY,7.12647,65.72,0.5
2019-09-30,NVDA,BUY,56.142923,10.4,0.58
2019-09-30,XLV,BUY,4.508397,84.77,0.5
2019-09-30,XLK,BUY,7.728126,54.2,0.5
2019-09-30,TLT,BUY,4.603723,146.05,0.67
2019-09-30,BRK-B,BUY,0.579832,176.07,0.5
2019-09-30,GLD,BUY,1.691475,141.25,0.5
2019-09-30,VTI,DIVIDEND,0.0,152.82,0.0
2019-09-30,VXUS,DIVIDEND,0.0,146.28,0.0
2019-09-30,BND,DIVIDEND,0.0,146.3,0.0
2019-09-30,SPY,DIVIDEND,0.0,155.38,0.0
2019-09-30,QQQ,DIVIDEND,0.0,140.84,0.0
2019-09-30,VNQ,DIVIDEND,0.0,146.96,0.0
2019-09-30,SCHD,DIVIDEND,0.0,141.38,0.0
2019-09-30,AAPL,DIVIDEND,0.0,141.66,0.0
2019-09-30,MSFT,DIVIDEND,0.0,142.91,0.0
2019-10-31,CASH,DEPOSIT,0.0,4000.0,0.0
2019-10-31,CASH,INTEREST,0.0,8.44,0.0
2019-10-31,EFA,BUY,3.675901,69.43,0.5
2019-10-31,VXUS,BUY,10.998348,72.08,0.79
2019-10-31,BND,BUY,0.409954,101.31,0.5
2019-10-31,GLD,BUY,1.62931,142.85,0.5
2019-10-31,AMZN,BUY,11.659808,40.87,0.5
2019-10-31,XLV,BUY,11.736702,81.89,0.96
2019-10-31,XLI,BUY,3.407298,69.22,0.5
2019-10-31,XLF,BUY,19.04517,31.72,0.6
2019-11-29,CASH,DEPOSIT,0.0,4000.0,0.0
2019-11-29,CASH,INTEREST,0.0,7.27,0.0
2019-11-29,TSLA,BUY,39.045749,18.19,0.71
2019-11-29,META,BUY,12.732715,111.63,1.42
2019-11-29,BRK-B,BUY,3.127046,160.52,0.5
2019-11-29,IEF,BUY,1.563444,118.76,0.5
2019-11-29,VXUS,BUY,2.631082,71.38,0.5
2019-11-29,GOOGL,BUY,8.729336,52.61,0.5
2019-11-29,AAPL,BUY,2.674385,35.02,0.5
2019-11-29,EEM,BUY,1.01677,39.52,0.5
2019-12-31,CASH,DEPOSIT,0.0,4000.0,0.0
2019-12-31,CASH,INTEREST,0.0,9.97,0.0
2019-12-31,SCHD,BUY,13.21459,58.17,0.77
2019-12-31,TSLA,BUY,8.411395,19.88,0.5
2019-12-31,GOOGL,BUY,4.299486,58.68,0.5
2019-12-31,AMZN,BUY,1.278501,37.95,0.5
2019-12-31,XLY,BUY,14.101329,89.04,1.26
2019-12-31,TLT,BUY,0.460543,151.91,0.5
2019-12-31,QQQ,BUY,5.433368,139.74,0.76
2019-12-31,AAPL,BUY,8.804116,31.63,0.5
2019-12-31,VTI,DIVIDEND,0.0,163.89,0.0
2019-12-31,VXUS,DIVIDEND,0.0,166.21,0.0
2019-12-31,BND,DIVIDEND,0.0,146.29,0.0
2019-12-31,SPY,DIVIDEND,0.0,143.68,0.0
2019-12-31,QQQ,DIVIDEND,0.0,156.71,0.0
2019-12-31,VNQ,DIVIDEND,0.0,146.48,0.0
2019-12-31,SCHD,DIVIDEND,0.0,158.33,0.0
2019-12-31,AAPL,DIVIDEND,0.0,154.03,0.0
2019-12-31,MSFT,DIVIDEND,0.0,136.84,0.0
2020-01-31,CASH,DEPOSIT,0.0,4000.0,0.0
2020-01-31,CASH,INTEREST,0.0,11.1,0.0
2020-01-31,XLI,BUY,0.416303,71.56,0.5
2020-01-31,META,BUY,5.339055,122.09,0.65
2020-01-31,XLY,BUY,0.947422,101.17,0.5
2020-01-31,SPY,BUY,0.157554,273.36,0.5
2020-01-31,BRK-B,BUY,4.159757,163.92,0.68
2020-01-31,VXUS,BUY,14.385373,67.25,0.97
2020-01-31,GOOGL,BUY,12.155821,50.61,0.62
2020-01-31,XLF,BUY,17.849576,28.85,0.51
2020-01-31,SPY,SELL,0.156732,300.55,0.5
2020-01-31,QQQ,SELL,0.153292,149.49,0.5
2020-01-31,AAPL,SELL,0.695845,31.09,0.5
2020-01-31,MSFT,SELL,0.514685,54.24,0.5
2020-02-28,CASH,DEPOSIT,0.0,4000.0,0.0
2020-02-28,CASH,INTEREST,0.0,6.26,0.0
2020-02-28,AAPL,BUY,19.77569,34.35,0.68
2020-02-28,SPY,BUY,0.586749,284.23,0.5
2020-02-28,XLP,BUY,6.360452,69.52,0.5
2020-02-28,XLV,BUY,3.583618,90.82,0.5
2020-02-28,XLB,BUY,1.908673,63.51,0.5
2020-02-28,EEM,BUY,18.86871,43.61,0.82
2020-02-28,XLE,BUY,7.932306,78.54,0.62
2020-02-28,SCHD,BUY,7.005225,59.84,0.5
2020-03-31,CASH,DEPOSIT,0.0,4000.0,0.0
2020-03-31,CASH,INTEREST,0.0,10.41,0.0
2020-03-31,BND,BUY,0.685151,95.44,0.5
2020-03-31,BRK-B,BUY,3.954152,160.74,0.64
2020-03-31,XLP,BUY,9.676438,68.81,0.67
2020-03-31,EFA,BUY,3.507938,75.32,0.5
2020-03-31,XLE,BUY,0.027096,88.21,0.5
2020-03-31,NVDA,BUY,12.079224,10.45,0.5
2020-03-31,XLU,BUY,5.931569,60.35,0.5
2020-03-31,VXUS,BUY,20.065436,73.88,1.48
2020-03-31,VTI,DIVIDEND,0.0,173.77,0.0
2020-03-31,VXUS,DIVIDEND,0.0,157.05,0.0
2020-03-31,BND,DIVIDEND,0.0,160.79,0.0
2020-03-31,SPY,DIVIDEND,0.0,164.08,0.0
2020-03-31,QQQ,DIVIDEND,0.0,159.87,0.0
2020-03-31,VNQ,DIVIDEND,0.0,153.54,0.0
2020-03-31,SCHD,DIVIDEND,0.0,159.94,0.0
2020-03-31,AAPL,DIVIDEND,0.0,168.74,0.0
2020-03-31,MSFT,DIVIDEND,0.0,147.73,0.0
2020-04-30,CASH,DEPOSIT,0.0,4000.0,0.0
2020-04-30,CASH,INTEREST,0.0,8.27,0.0
2020-04-30,GLD,BUY,0.89099,141.53,0.5
2020-04-30,XLU,BUY,4.454216,64.7,0.5
2020-04-30,XLK,BUY,0.232597,59.8,0.5
2020-04-30,IEF,BUY,4.950487,123.15,0.61
2020-04-30,VXUS,BUY,13.442211,80.23,1.08
2020-04-30,SCHD,BUY,18.521655,55.66,1.03
2020-04-30,AMZN,BUY,11.556403,35.6,0.5
2020-04-30,NVDA,BUY,3.797908,10.9,0.5
2020-05-29,CASH,DEPOSIT,0.0,4000.0,0.0
2020-05-29,CASH,INTEREST,0.0,7.0,0.0
2020-05-29,XLF,BUY,19.385192,30.44,0.59
2020-05-29,XLK,BUY,2.073391,60.0,0.5
2020-05-29,TSLA,BUY,1.952856,21.96,0.5
2020-05-29,GLD,BUY,4.078744,139.51,0.57
2020-05-29,BRK-B,BUY,3.293957,160.91,0.53
2020-05-29,XLB,BUY,2.734485,58.21,0.5
2020-05-29,XLE,BUY,18.733328,80.22,1.5
2020-05-29,VNQ,BUY,0.802896,101.72,0.5
2020-06-30,CASH,DEPOSIT,0.0,4000.0,0.0
2020-06-30,CASH,INTEREST,0.0,7.52,0.0
2020-06-30,IEF,BUY,0.820456,130.19,0.5
2020-06-30,MSFT,BUY,0.205825,68.49,0.5
2020-06-30,EEM,BUY,10.663286,44.08,0.5
2020-06-30,VTI,BUY,0.778542,263.16,0.5
2020-06-30,VNQ,BUY,8.622323,103.26,0.89
2020-06-30,VXUS,BUY,3.7367,76.45,0.5
2020-06-30,XLU,BUY,23.77843,64.63,1.54
2020-06-30,BND,BUY,0.89672,101.99,0.5
2020-06-30,VTI,DIVIDEND,0.0,171.09,0.0
2020-06-30,VXUS,DIVIDEND,0.0,163.1,0.0
2020-06-30,BND,DIVIDEND,0.0,178.4,0.0
2020-06-30,SPY,DIVIDEND,0.0,157.24,0.0
2020-06-30,QQQ,DIVIDEND,0.0,182.01,0.0
2020-06-30,VNQ,DIVIDEND,0.0,163.6,0.0
2020-06-30,SCHD,DIVIDEND,0.0,149.69,0.0
2020-06-30,AAPL,DIVIDEND,0.0,165.28,0.0
2020-06-30,MSFT,DIVIDEND,0.0,157.19,0.0
2020-07-31,CASH,DEPOSIT,0.0,4000.0,0.0
2020-07-31,CASH,INTEREST,0.0,9.68,0.0
2020-07-31,XLV,BUY,4.518256,85.1,0.5
2020-07-31,AMZN,BUY,14.89402,42.2,0.63
2020-07-31,EFA,BUY,0.159101,76.02,0.5
2020-07-31,BRK-B,BUY,0.464773,167.43,0.5
2020-07-31,XLF,BUY,17.362018,29.7,0.52
2020-07-31,XLU,BUY,11.110424,60.89,0.68
2020-07-31,MSFT,BUY,14.873499,63.75,0.95
2020-07-31,XLB,BUY,5.449234,65.48,0.5
2020-08-31,CASH,DEPOSIT,0.0,4000.0,0.0
2020-08-31,CASH,INTEREST,0.0,9.75,0.0
2020-08-31,GOOGL,BUY,22.02927,51.68,1.14
2020-08-31,XLK,BUY,0.225857,60.34,0.5
2020-08-31,XLF,BUY,16.821351,32.61,0.55
2020-08-31,BRK-B,BUY,5.546894,182.47,1.01
2020-08-31,XLI,BUY,1.932372,66.06,0.5
2020-08-31,XLB,BUY,9.519083,62.95,0.6
2020-08-31,QQQ,BUY,0.292795,160.07,0.5
2020-08-31,TLT,BUY,0.665243,170.75,0.5
2020-09-30,CASH,DEPOSIT,0.0,4000.0,0.0
2020-09-30,CASH,INTEREST,0.0,8.12,0.0
2020-09-30,BND,BUY,4.231899,99.18,0.5
2020-09-30,EEM,BUY,14.934438,46.61,0.7
2020-09-30,XLB,BUY,6.853641,62.11,0.5
2020-09-30,TLT,BUY,3.038984,181.02,0.55
2020-09-30,XLF,BUY,4.856223,29.03,0.5
2020-09-30,NVDA,BUY,48.251591,11.88,0.57
2020-09-30,XLK,BUY,0.457095,62.11,0.5
2020-09-30,XLI,BUY,11.5815,66.11,0.77
2020-09-30,VTI,DIVIDEND,0.0,165.16,0.0
2020-09-30,VXUS,DIVIDEND,0.0,166.8,0.0
2020-09-30,BND,DIVIDEND,0.0,174.24,0.0
2020-09-30,SPY,DIVIDEND,0.0,175.23,0.0
2020-09-30,QQQ,DIVIDEND,0.0,164.26,0.0
2020-09-30,VNQ,DIVIDEND,0.0,169.76,0.0
2020-09-30,SCHD,DIVIDEND,0.0,191.42,0.0
2020-09-30,AAPL,DIVIDEND,0.0,187.28,0.0
2020-09-30,MSFT,DIVIDEND,0.0,174.36,0.0
2020-10-30,CASH,DEPOSIT,0.0,4000.0,0.0
2020-10-30,CASH,INTEREST,0.0,8.08,0.0
2020-10-30,QQQ,BUY,0.922751,151.97,0.5
2020-10-30,XLE,BUY,8.933808,80.41,0.72
2020-10-30,SPY,BUY,0.151769,311.1,0.5
2020-10-30,VNQ,BUY,0.202871,96.69,0.5
2020-10-30,TLT,BUY,1.229228,152.73,0.5
2020-10-30,EFA,BUY,5.123024,76.38,0.5
2020-10-30,XLV,BUY,13.595276,93.94,1.28
2020-10-30,IWM,BUY,5.234619,156.34,0.82
2020-11-30,CASH,DEPOSIT,0.0,4000.0,0.0
2020-11-30,CASH,INTEREST,0.0,7.08,0.0
2020-11-30,GOOGL,BUY,4.270434,59.28,0.5
2020-11-30,SCHD,BUY,11.818901,66.39,0.78
2020-11-30,VTI,BUY,3.451738,254.0,0.88
2020-11-30,XLE,BUY,2.462227,84.44,0.5
2020-11-30,XLF,BUY,3.95474,31.11,0.5
2020-11-30,XLP,BUY,4.873208,69.9,0.5
2020-11-30,BND,BUY,9.18172,100.65,0.92
2020-11-30,EEM,BUY,2.104146,42.68,0.5
2020-12-31,CASH,DEPOSIT,0.0,4000.0,0.0
2020-12-31,CASH,INTEREST,0.0,7.95,0.0
2020-12-31,IWM,BUY,1.171673,154.14,0.5
2020-12-31,MSFT,BUY,20.064606,64.85,1.3
2020-12-31,EFA,BUY,4.644377,80.69,0.5
2020-12-31,VXUS,BUY,6.174747,74.48,0.5
2020-12-31,GOOGL,BUY,5.015992,56.43,0.5
2020-12-31,QQQ,BUY,3.756035,152.18,0.57
2020-12-31,SCHD,BUY,1.777284,63.89,0.5
2020-12-31,SPY,BUY,1.079166,292.32,0.5
2020-12-31,VTI,DIVIDEND,0.0,163.17,0.0
2020-12-31,VXUS,DIVIDEND,0.0,185.96,0.0
2020-12-31,BND,DIVIDEND,0.0,171.06,0.0
2020-12-31,SPY,DIVIDEND,0.0,160.43,0.0
2020-12-31,QQQ,DIVIDEND,0.0,171.72,0.0
2020-12-31,VNQ,DIVIDEND,0.0,191.01,0.0
2020-12-31,SCHD,DIVIDEND,0.0,184.5,0.0
2020-12-31,AAPL,DIVIDEND,0.0,172.51,0.0
2020-12-31,MSFT,DIVIDEND,0.0,172.51,0.0
2021-01-29,CASH,DEPOSIT,0.0,4000.0,0.0
2021-01-29,CASH,INTEREST,0.0,7.36,0.0
2021-01-29,TSLA,BUY,40.703463,23.07,0.94
2021-01-29,QQQ,BUY,5.209598,158.84,0.83
2021-01-29,XLI,BUY,6.366483,69.85,0.5
2021-01-29,VXUS,BUY,12.888988,79.44,1.02
2021-01-29,IWM,BUY,0.798978,145.71,0.5
2021-01-29,BND,BUY,0.571492,104.91,0.5
2021-01-29,GOOGL,BUY,3.165499,50.17,0.5
2021-01-29,SPY,BUY,0.097032,306.01,0.5
2021-01-29,SPY,SELL,0.418318,297.67,0.5
2021-01-29,QQQ,SELL,0.566805,137.17,0.5
2021-01-29,AAPL,SELL,0.197756,39.95,0.5
2021-01-29,MSFT,SELL,0.571403,66.4,0.5
2021-02-26,CASH,DEPOSIT,0.0,4000.0,0.0
2021-02-26,CASH,INTEREST,0.0,9.29,0.0
2021-02-26,AAPL,BUY,33.97794,35.26,1.2
2021-02-26,XLY,BUY,0.33793,99.79,0.5
2021-02-26,META,BUY,2.705426,141.14,0.5
2021-02-26,TSLA,BUY,9.57923,20.94,0.5
2021-02-26,XLK,BUY,10.888337,63.63,0.69
2021-02-26,GOOGL,BUY,1.131279,58.94,0.5
2021-02-26,IEF,BUY,2.874425,140.35,0.5
2021-02-26,XLB,BUY,9.330381,66.74,0.62
2021-03-31,CASH,DEPOSIT,0.0,4000.0,0.0
2021-03-31,CASH,INTEREST,0.0,9.28,0.0
2021-03-31,GOOGL,BUY,2.337764,53.05,0.5
2021-03-31,AAPL,BUY,7.302609,35.73,0.5
2021-03-31,QQQ,BUY,0.176719,158.0,0.5
2021-03-31,VXUS,BUY,3.177604,83.61,0.5
2021-03-31,XLV,BUY,19.714664,93.51,1.84
2021-03-31,XLE,BUY,0.146822,83.37,0.5
2021-03-31,XLB,BUY,14.111891,66.35,0.94
2021-03-31,AMZN,BUY,2.894437,44.71,0.5
2021-03-31,VTI,DIVIDEND,0.0,169.72,0.0
2021-03-31,VXUS,DIVIDEND,0.0,187.97,0.0
2021-03-31,BND,DIVIDEND,0.0,189.01,0.0
2021-03-31,SPY,DIVIDEND,0.0,179.02,0.0
2021-03-31,QQQ,DIVIDEND,0.0,195.76,0.0
2021-03-31,VNQ,DIVIDEND,0.0,180.5,0.0
2021-03-31,SCHD,DIVIDEND,0.0,183.26,0.0
2021-03-31,AAPL,DIVIDEND,0.0,180.27,0.0
2021-03-31,MSFT,DIVIDEND,0.0,182.16,0.0
2021-04-30,CASH,DEPOSIT,0.0,4000.0,0.0
2021-04-30,CASH,INTEREST,0.0,5.81,0.0
2021-04-30,VNQ,BUY,4.791506,98.37,0.5
2021-04-30,VXUS,BUY,13.206575,84.12,1.11
2021-04-30,VTI,BUY,1.629332,282.09,0.5
2021-04-30,XLP,BUY,8.153412,68.24,0.56
2021-04-30,EFA,BUY,2.929839,86.49,0.5
2021-04-30,SPY,BUY,1.401937,311.37,0.5
2021-04-30,XLU,BUY,3.850096,62.57,0.5
2021-04-30,TLT,BUY,0.478555,148.41,0.5
2021-05-31,CASH,DEPOSIT,0.0,4000.0,0.0
2021-05-31,CASH,INTEREST,0.0,12.58,0.0
2021-05-31,VNQ,BUY,0.156602,109.67,0.5
2021-05-31,XLF,BUY,8.472172,32.57,0.5
2021-05-31,SCHD,BUY,4.7683,66.32,0.5
2021-05-31,VTI,BUY,1.229674,273.59,0.5
2021-05-31,XLB,BUY,8.933258,64.23,0.57
2021-05-31,XLV,BUY,5.48044,92.01,0.5
2021-05-31,XLU,BUY,10.066365,61.49,0.62
2021-05-31,MSFT,BUY,13.672328,70.0,0.96
2021-06-30,CASH,DEPOSIT,0.0,4000.0,0.0
2021-06-30,CASH,INTEREST,0.0,4.61,0.0
2021-06-30,EFA,BUY,2.578723,78.08,0.5
2021-06-30,VNQ,BUY,2.16696,101.74,0.5
2021-06-30,XLP,BUY,13.832597,70.53,0.98
2021-06-30,VTI,BUY,1.670324,278.52,0.5
2021-06-30,SCHD,BUY,3.666094,61.09,0.5
2021-06-30,MSFT,BUY,7.892463,71.71,0.57
2021-06-30,VXUS,BUY,10.326414,73.23,0.76
2021-06-30,IWM,BUY,1.315594,145.3,0.5
2021-06-30,VTI,DIVIDEND,0.0,191.2,0.0
2021-06-30,VXUS,DIVIDEND,0.0,172.07,0.0
2021-06-30,BND,DIVIDEND,0.0,192.4,0.0
2021-06-30,SPY,DIVIDEND,0.0,187.8,0.0
2021-06-30,QQQ,DIVIDEND,0.0,193.52,0.0
2021-06-30,VNQ,DIVIDEND,0.0,190.24,0.0
2021-06-30,SCHD,DIVIDEND,0.0,201.64,0.0
2021-06-30,AAPL,DIVIDEND,0.0,189.25,0.0
2021-06-30,MSFT,DIVIDEND,0.0,183.71,0.0
2021-07-30,CASH,DEPOSIT,0.0,4000.0,0.0
2021-07-30,CASH,INTEREST,0.0,8.24,0.0
2021-07-30,VXUS,BUY,7.625459,80.97,0.62
2021-07-30,SCHD,BUY,12.867912,60.49,0.78
2021-07-30,META,BUY,0.750508,124.53,0.5
2021-07-30,BRK-B,BUY,0.478949,179.64,0.5
2021-07-30,NVDA,BUY,28.452842,11.98,0.5
2021-07-30,XLY,BUY,1.933374,98.85,0.5
2021-07-30,AAPL,BUY,17.371251,38.07,0.66
2021-07-30,TSLA,BUY,40.016639,20.78,0.83
2021-08-31,CASH,DEPOSIT,0.0,4000.0,0.0
2021-08-31,CASH,INTEREST,0.0,8.56,0.0
2021-08-31,IEF,BUY,4.06737,137.1,0.56
2021-08-31,XLY,BUY,3.4258,100.06,0.5
2021-08-31,IWM,BUY,3.178688,158.49,0.5
2021-08-31,XLV,BUY,1.009195,103.95,0.5
2021-08-31,SPY,BUY,2.590122,293.97,0.76
2021-08-31,AMZN,BUY,28.149841,40.24,1.13
2021-08-31,XLI,BUY,1.943563,71.68,0.5
2021-08-31,XLE,BUY,0.588225,97.54,0.5
2021-09-30,CASH,DEPOSIT,0.0,4000.0,0.0
2021-09-30,CASH,INTEREST,0.0,6.39,0.0
2021-09-30,XLF,BUY,5.762176,34.44,0.5
2021-09-30,EFA,BUY,5.750097,78.06,0.5
2021-09-30,XLY,BUY,4.175608,100.24,0.5
2021-09-30,TSLA,BUY,79.851505,21.07,1.68
2021-09-30,XLV,BUY,0.546485,89.26,0.5
2021-09-30,XLK,BUY,0.619582,62.99,0.5
2021-09-30,VXUS,BUY,6.123631,74.7,0.5
2021-09-30,MSFT,BUY,4.231271,72.46,0.5
2021-09-30,VTI,DIVIDEND,0.0,186.3,0.0
2021-09-30,VXUS,DIVIDEND,0.0,196.34,0.0
2021-09-30,BND,DIVIDEND,0.0,178.44,0.0
2021-09-30,SPY,DIVIDEND,0.0,197.31,0.0
2021-09-30,QQQ,DIVIDEND,0.0,202.34,0.0
2021-09-30,VNQ,DIVIDEND,0.0,174.06,0.0
2021-09-30,SCHD,DIVIDEND,0.0,197.74,0.0
2021-09-30,AAPL,DIVIDEND,0.0,206.28,0.0
2021-09-30,MSFT,DIVIDEND,0.0,181.9,0.0
2021-10-29,CASH,DEPOSIT,0.0,4000.0,0.0
2021-10-29,CASH,INTEREST,0.0,11.35,0.0
2021-10-29,XLP,BUY,4.319439,74.19,0.5
2021-10-29,XLE,BUY,0.366241,86.72,0.5
2021-10-29,XLB,BUY,6.77457,62.44,0.5
2021-10-29,VXUS,BUY,21.022229,76.99,1.62
2021-10-29,XLU,BUY,1.421114,69.44,0.5
2021-10-29,XLK,BUY,8.69482,68.97,0.6
2021-10-29,XLF,BUY,3.485899,32.95,0.5
2021-10-29,XLI,BUY,5.720259,68.7,0.5
2021-11-30,CASH,DEPOSIT,0.0,4000.0,0.0
2021-11-30,CASH,INTEREST,0.0,7.37,0.0
2021-11-30,XLB,BUY,19.949683,66.14,1.32
2021-11-30,GOOGL,BUY,12.184009,57.95,0.71
2021-11-30,BRK-B,BUY,1.065917,196.52,0.5
2021-11-30,VTI,BUY,1.712808,290.67,0.5
2021-11-30,XLI,BUY,2.831209,70.13,0.5
2021-11-30,TSLA,BUY,12.894905,20.44,0.5
2021-11-30,VXUS,BUY,0.345336,72.93,0.5
2021-11-30,IWM,BUY,2.415844,157.19,0.5
2021-12-31,CASH,DEPOSIT,0.0,4000.0,0.0
2021-12-31,CASH,INTEREST,0.0,5.79,0.0
2021-12-31,AAPL,BUY,6.961853,32.72,0.5
2021-12-31,XLB,BUY,2.715329,66.27,0.5
2021-12-31,SCHD,BUY,9.516741,65.67,0.62
2021-12-31,AMZN,BUY,3.705499,46.02,0.5
2021-12-31,VTI,BUY,4.381747,274.62,1.2
2021-12-31,XLP,BUY,6.367982,74.31,0.5
2021-12-31,QQQ,BUY,0.354045,163.93,0.5
2021-12-31,VXUS,BUY,8.49202,77.97,0.66
2021-12-31,VTI,DIVIDEND,0.0,209.92,0.0
2021-12-31,VXUS,DIVIDEND,0.0,198.25,0.0
2021-12-31,BND,DIVIDEND,0.0,192.44,0.0
2021-12-31,SPY,DIVIDEND,0.0,205.37,0.0
2021-12-31,QQQ,DIVIDEND,0.0,191.02,0.0
2021-12-31,VNQ,DIVIDEND,0.0,200.28,0.0
2021-12-31,SCHD,DIVIDEND,0.0,199.91,0.0
2021-12-31,AAPL,DIVIDEND,0.0,210.86,0.0
2021-12-31,MSFT,DIVIDEND,0.0,204.75,0.0
2022-01-31,CASH,DEPOSIT,0.0,4000.0,0.0
2022-01-31,CASH,INTEREST,0.0,7.95,0.0
2022-01-31,AMZN,BUY,16.332251,46.01,0.75
2022-01-31,IEF,BUY,8.313016,140.36,1.17
2022-01-31,QQQ,BUY,0.931298,166.36,0.5
2022-01-31,VTI,BUY,2.01814,278.95,0.56
2022-01-31,VNQ,BUY,3.622521,113.19,0.5
2022-01-31,XLY,BUY,1.233147,103.47,0.5
2022-01-31,TSLA,BUY,18.543716,19.92,0.5
2022-01-31,BRK-B,BUY,0.31184,182.54,0.5
2022-01-31,SPY,SELL,0.548578,307.17,0.5
2022-01-31,QQQ,SELL,0.555141,166.44,0.5
2022-01-31,AAPL,SELL,0.206417,34.47,0.5
2022-01-31,MSFT,SELL,0.796406,71.13,0.5
2022-02-28,CASH,DEPOSIT,0.0,4000.0,0.0
2022-02-28,CASH,INTEREST,0.0,7.87,0.0
2022-02-28,XLY,BUY,0.330244,101.59,0.5
2022-02-28,SPY,BUY,2.135654,313.45,0.67
2022-02-28,MSFT,BUY,31.098414,74.59,2.32
2022-02-28,XLK,BUY,2.313311,66.61,0.5
2022-02-28,XLV,BUY,0.879882,98.3,0.5
2022-02-28,XLU,BUY,1.03375,70.56,0.5
2022-02-28,EEM,BUY,4.106112,49.61,0.5
2022-02-28,TSLA,BUY,2.921707,20.55,0.5
2022-03-31,CASH,DEPOSIT,0.0,4000.0,0.0
2022-03-31,CASH,INTEREST,0.0,2.89,0.0
2022-03-31,EFA,BUY,0.817851,85.59,0.5
2022-03-31,VNQ,BUY,10.045396,108.29,1.09
2022-03-31,XLY,BUY,3.295721,90.58,0.5
2022-03-31,IEF,BUY,0.787303,137.38,0.5
2022-03-31,SCHD,BUY,3.358768,68.21,0.5
2022-03-31,TSLA,BUY,12.937201,20.65,0.5
2022-03-31,GLD,BUY,5.321711,165.03,0.88
2022-03-31,IWM,BUY,4.237735,155.98,0.66
2022-03-31,VTI,DIVIDEND,0.0,211.79,0.0
2022-03-31,VXUS,DIVIDEND,0.0,207.2,0.0
2022-03-31,BND,DIVIDEND,0.0,196.27,0.0
2022-03-31,SPY,DIVIDEND,0.0,217.97,0.0
2022-03-31,QQQ,DIVIDEND,0.0,204.41,0.0
2022-03-31,VNQ,DIVIDEND,0.0,205.73,0.0
2022-03-31,SCHD,DIVIDEND,0.0,196.67,0.0
2022-03-31,AAPL,DIVIDEND,0.0,201.57,0.0
2022-03-31,MSFT,DIVIDEND,0.0,197.15,0.0
2022-04-29,CASH,DEPOSIT,0.0,4000.0,0.0
2022-04-29,CASH,INTEREST,0.0,7.65,0.0
2022-04-29,QQQ,BUY,0.916392,178.33,0.5
2022-04-29,TSLA,BUY,8.005678,21.72,0.5
2022-04-29,IEF,BUY,1.377356,154.82,0.5
2022-04-29,VNQ,BUY,4.601666,115.8,0.53
2022-04-29,NVDA,BUY,66.216418,11.66,0.77
2022-04-29,XLU,BUY,14.473849,74.45,1.08
2022-04-29,META,BUY,4.111975,130.33,0.54
2022-04-29,VXUS,BUY,1.542052,85.18,0.5
2022-05-31,CASH,DEPOSIT,0.0,4000.0,0.0
2022-05-31,CASH,INTEREST,0.0,8.6,0.0
2022-05-31,SCHD,BUY,8.984499,66.27,0.6
2022-05-31,AMZN,BUY,12.323597,45.42,0.56
2022-05-31,META,BUY,0.322164,125.91,0.5
2022-05-31,VXUS,BUY,5.474055,78.49,0.5
2022-05-31,QQQ,BUY,0.547089,174.9,0.5
2022-05-31,BRK-B,BUY,4.169686,188.6,0.79
2022-05-31,VTI,BUY,1.5631,270.08,0.5
2022-05-31,BND,BUY,5.804025,115.52,0.67
2022-06-30,CASH,DEPOSIT,0.0,4000.0,0.0
2022-06-30,CASH,INTEREST,0.0,10.37,0.0
2022-06-30,AAPL,BUY,3.984636,39.02,0.5
2022-06-30,NVDA,BUY,0.901221,11.86,0.5
2022-06-30,IWM,BUY,0.277134,156.22,0.5
2022-06-30,XLP,BUY,21.605151,80.34,1.74
2022-06-30,BND,BUY,1.522356,116.14,0.5
2022-06-30,XLB,BUY,10.676092,69.35,0.74
2022-06-30,VTI,BUY,1.559531,317.26,0.5
2022-06-30,VXUS,BUY,3.029199,80.2,0.5
2022-06-30,VTI,DIVIDEND,0.0,221.28,0.0
2022-06-30,VXUS,DIVIDEND,0.0,212.57,0.0
2022-06-30,BND,DIVIDEND,0.0,214.69,0.0
2022-06-30,SPY,DIVIDEND,0.0,227.28,0.0
2022-06-30,QQQ,DIVIDEND,0.0,217.08,0.0
2022-06-30,VNQ,DIVIDEND,0.0,217.38,0.0
2022-06-30,SCHD,DIVIDEND,0.0,222.73,0.0
2022-06-30,AAPL,DIVIDEND,0.0,208.35,0.0
2022-06-30,MSFT,DIVIDEND,0.0,203.61,0.0
2022-07-29,CASH,DEPOSIT,0.0,4000.0,0.0
2022-07-29,CASH,INTEREST,0.0,5.91,0.0
2022-07-29,BND,BUY,2.471769,102.34,0.5
2022-07-29,VTI,BUY,1.383328,299.9,0.5
2022-07-29,XLV,BUY,13.117304,95.5,1.25
2022-07-29,AAPL,BUY,3.20785,37.52,0.5
2022-07-29,XLI,BUY,0.737854,76.74,0.5
2022-07-29,XLK,BUY,1.429699,67.25,0.5
2022-07-29,XLF,BUY,26.486832,35.97,0.95
2022-07-29,XLY,BUY,4.17986,108.53,0.5
2022-08-31,CASH,DEPOSIT,0.0,4000.0,0.0
2022-08-31,CASH,INTEREST,0.0,9.47,0.0
2022-08-31,IWM,BUY,3.090041,162.79,0.5
2022-08-31,XLU,BUY,5.417174,66.17,0.5
2022-08-31,BRK-B,BUY,0.340911,192.38,0.5
2022-08-31,BND,BUY,2.253475,117.34,0.5
2022-08-31,XLF,BUY,39.505033,35.51,1.4
2022-08-31,XLB,BUY,13.587346,68.47,0.93
2022-08-31,TLT,BUY,0.080008,185.22,0.5
2022-08-31,AMZN,BUY,1.222155,49.48,0.5
2022-09-30,CASH,DEPOSIT,0.0,4000.0,0.0
2022-09-30,CASH,INTEREST,0.0,8.48,0.0
2022-09-30,META,BUY,1.069533,155.27,0.5
2022-09-30,IEF,BUY,2.72744,143.52,0.5
2022-09-30,EEM,BUY,11.737283,46.78,0.55
2022-09-30,VTI,BUY,3.449419,281.65,0.97
2022-09-30,GOOGL,BUY,7.565199,62.86,0.5
2022-09-30,VNQ,BUY,5.42684,124.06,0.67
2022-09-30,XLY,BUY,0.752681,108.98,0.5
2022-09-30,EFA,BUY,3.687314,78.95,0.5
2022-09-30,VTI,DIVIDEND,0.0,222.45,0.0
2022-09-30,VXUS,DIVIDEND,0.0,229.97,0.0
2022-09-30,BND,DIVIDEND,0.0,211.9,0.0
2022-09-30,SPY,DIVIDEND,0.0,216.66,0.0
2022-09-30,QQQ,DIVIDEND,0.0,218.15,0.0
2022-09-30,VNQ,DIVIDEND,0.0,210.15,0.0
2022-09-30,SCHD,DIVIDEND,0.0,224.48,0.0
2022-09-30,AAPL,DIVIDEND,0.0,216.79,0.0
2022-09-30,MSFT,DIVIDEND,0.0,222.2,0.0
2022-10-31,CASH,DEPOSIT,0.0,4000.0,0.0
2022-10-31,CASH,INTEREST,0.0,6.23,0.0
2022-10-31,XLB,BUY,1.443865,67.49,0.5
2022-10-31,IEF,BUY,4.131614,135.34,0.56
2022-10-31,AAPL,BUY,42.867987,34.96,1.5
2022-10-31,EFA,BUY,1.575543,77.9,0.5
2022-10-31,BND,BUY,1.301013,122.26,0.5
2022-10-31,META,BUY,2.549379,134.19,0.5
2022-10-31,MSFT,BUY,6.715112,86.47,0.58
2022-10-31,XLY,BUY,2.303021,104.31,0.5
2022-11-30,CASH,DEPOSIT,0.0,4000.0,0.0
2022-11-30,CASH,INTEREST,0.0,8.37,0.0
2022-11-30,IEF,BUY,2.694371,140.31,0.5
2022-11-30,GOOGL,BUY,5.83338,61.59,0.5
2022-11-30,EFA,BUY,4.268397,83.98,0.5
2022-11-30,BRK-B,BUY,2.060468,195.66,0.5
2022-11-30,AAPL,BUY,12.34441,39.84,0.5
2022-11-30,XLB,BUY,9.811858,72.61,0.71
2022-11-30,MSFT,BUY,1.772054,77.34,0.5
2022-11-30,XLF,BUY,20.882041,36.38,0.76
2022-12-30,CASH,DEPOSIT,0.0,4000.0,0.0
2022-12-30,CASH,INTEREST,0.0,5.72,0.0
2022-12-30,SPY,BUY,0.351617,321.65,0.5
2022-12-30,XLU,BUY,2.450727,66.04,0.5
2022-12-30,XLB,BUY,0.346838,76.05,0.5
2022-12-30,XLP,BUY,0.863651,82.05,0.5
2022-12-30,GLD,BUY,1.480792,175.09,0.5
2022-12-30,AAPL,BUY,9.895722,38.23,0.5
2022-12-30,VTI,BUY,6.509749,279.77,1.82
2022-12-30,BRK-B,BUY,3.897262,197.32,0.77
2022-12-30,VTI,DIVIDEND,0.0,234.89,0.0
2022-12-30,VXUS,DIVIDEND,0.0,242.85,0.0
2022-12-30,BND,DIVIDEND,0.0,239.43,0.0
2022-12-30,SPY,DIVIDEND,0.0,219.11,0.0
2022-12-30,QQQ,DIVIDEND,0.0,212.8,0.0
2022-12-30,VNQ,DIVIDEND,0.0,225.41,0.0
2022-12-30,SCHD,DIVIDEND,0.0,206.32,0.0
2022-12-30,AAPL,DIVIDEND,0.0,227.23,0.0
2022-12-30,MSFT,DIVIDEND,0.0,222.52,0.0
2023-01-31,CASH,DEPOSIT,0.0,4000.0,0.0
2023-01-31,CASH,INTEREST,0.0,7.07,0.0
2023-01-31,XLV,BUY,11.039941,92.92,1.03
2023-01-31,QQQ,BUY,5.379739,170.63,0.92
2023-01-31,SPY,BUY,0.288553,355.11,0.5
2023-01-31,XLP,BUY,9.59946,84.12,0.81
2023-01-31,XLY,BUY,2.870164,106.25,0.5
2023-01-31,MSFT,BUY,4.357563,75.33,0.5
2023-01-31,XLI,BUY,0.896901,79.49,0.5
2023-01-31,EFA,BUY,0.515183,81.17,0.5
2023-01-31,SPY,SELL,0.625963,331.12,0.5
2023-01-31,QQQ,SELL,0.148271,173.89,0.5
2023-01-31,AAPL,SELL,0.139938,39.07,0.5
2023-01-31,MSFT,SELL,0.272885,73.88,0.5
2023-02-28,CASH,DEPOSIT,0.0,4000.0,0.0
2023-02-28,CASH,INTEREST,0.0,6.22,0.0
2023-02-28,XLP,BUY,17.197684,68.55,1.18
2023-02-28,XLY,BUY,1.253748,114.03,0.5
2023-02-28,XLE,BUY,1.628609,97.05,0.5
2023-02-28,XLK,BUY,10.25016,69.21,0.71
2023-02-28,BRK-B,BUY,1.461967,203.48,0.5
2023-02-28,XLV,BUY,7.178009,104.02,0.75
2023-02-28,META,BUY,0.260094,129.43,0.5
2023-02-28,SPY,BUY,1.043951,318.93,0.5
2023-03-31,CASH,DEPOSIT,0.0,4000.0,0.0
2023-03-31,CASH,INTEREST,0.0,9.59,0.0
2023-03-31,SCHD,BUY,1.741571,66.08,0.5
2023-03-31,AAPL,BUY,11.511538,37.73,0.5
2023-03-31,VXUS,BUY,3.931151,82.68,0.5
2023-03-31,TLT,BUY,9.81612,189.89,1.86
2023-03-31,EEM,BUY,9.22178,53.01,0.5
2023-03-31,XLV,BUY,2.319028,96.66,0.5
2023-03-31,XLE,BUY,0.669747,94.29,0.5
2023-03-31,VTI,BUY,0.281145,304.05,0.5
2023-03-31,VTI,DIVIDEND,0.0,236.93,0.0
2023-03-31,VXUS,DIVIDEND,0.0,231.76,0.0
2023-03-31,BND,DIVIDEND,0.0,226.33,0.0
2023-03-31,SPY,DIVIDEND,0.0,221.72,0.0
2023-03-31,QQQ,DIVIDEND,0.0,230.86,0.0
2023-03-31,VNQ,DIVIDEND,0.0,219.28,0.0
2023-03-31,SCHD,DIVIDEND,0.0,200.79,0.0
2023-03-31,AAPL,DIVIDEND,0.0,234.37,0.0
2023-03-31,MSFT,DIVIDEND,0.0,239.04,0.0
2023-04-28,CASH,DEPOSIT,0.0,4000.0,0.0
2023-04-28,CASH,INTEREST,0.0,3.27,0.0
2023-04-28,XLF,BUY,17.801313,32.87,0.59
2023-04-28,EEM,BUY,8.994327,48.72,0.5
2023-04-28,NVDA,BUY,2.957451,12.08,0.5
2023-04-28,MSFT,BUY,5.201871,76.77,0.5
2023-04-28,IEF,BUY,6.411573,142.34,0.91
2023-04-28,TLT,BUY,1.798838,189.96,0.5
2023-04-28,XLK,BUY,0.387393,76.55,0.5
2023-04-28,AMZN,BUY,17.882044,47.96,0.86
2023-05-31,CASH,DEPOSIT,0.0,4000.0,0.0
2023-05-31,CASH,INTEREST,0.0,7.5,0.0
2023-05-31,QQQ,BUY,3.885659,181.47,0.71
2023-05-31,BRK-B,BUY,3.329058,204.6,0.68
2023-05-31,XLK,BUY,1.290033,70.46,0.5
2023-05-31,XLE,BUY,1.818377,109.94,0.5
2023-05-31,XLV,BUY,13.41963,104.23,1.4
2023-05-31,VNQ,BUY,4.318521,114.05,0.5
2023-05-31,META,BUY,0.065929,139.17,0.5
2023-05-31,XLY,BUY,0.19206,116.95,0.5
2023-06-30,CASH,DEPOSIT,0.0,4000.0,0.0
2023-06-30,CASH,INTEREST,0.0,8.23,0.0
2023-06-30,NVDA,BUY,11.351011,11.78,0.5
2023-06-30,VXUS,BUY,6.958726,89.38,0.62
2023-06-30,BRK-B,BUY,1.723579,197.54,0.5
2023-06-30,XLB,BUY,5.755646,69.1,0.5
2023-06-30,AMZN,BUY,12.622104,50.05,0.63
2023-06-30,MSFT,BUY,2.553298,78.01,0.5
2023-06-30,TSLA,BUY,41.781256,23.32,0.97
2023-06-30,SCHD,BUY,4.424847,67.99,0.5
2023-06-30,VTI,DIVIDEND,0.0,240.24,0.0
2023-06-30,VXUS,DIVIDEND,0.0,256.63,0.0
2023-06-30,BND,DIVIDEND,0.0,225.32,0.0
2023-06-30,SPY,DIVIDEND,0.0,236.24,0.0
2023-06-30,QQQ,DIVIDEND,0.0,250.12,0.0
2023-06-30,VNQ,DIVIDEND,0.0,235.2,0.0
2023-06-30,SCHD,DIVIDEND,0.0,240.52,0.0
2023-06-30,AAPL,DIVIDEND,0.0,225.38,0.0
2023-06-30,MSFT,DIVIDEND,0.0,240.28,0.0
2023-07-31,CASH,DEPOSIT,0.0,4000.0,0.0
2023-07-31,CASH,INTEREST,0.0,7.63,0.0
2023-07-31,META,BUY,0.638063,150.47,0.5
2023-07-31,IWM,BUY,0.040448,170.13,0.5
2023-07-31,NVDA,BUY,35.432344,12.56,0.5
2023-07-31,XLF,BUY,11.499991,35.35,0.5
2023-07-31,GLD,BUY,3.689068,186.81,0.69
2023-07-31,AMZN,BUY,26.400452,45.39,1.2
2023-07-31,XLY,BUY,0.380642,117.89,0.5
2023-07-31,TSLA,BUY,27.995518,25.47,0.71
2023-08-31,CASH,DEPOSIT,0.0,4000.0,0.0
2023-08-31,CASH,INTEREST,0.0,7.76,0.0
2023-08-31,GOOGL,BUY,4.934326,63.24,0.5
2023-08-31,XLI,BUY,2.861835,78.53,0.5
2023-08-31,XLU,BUY,4.900595,70.59,0.5
2023-08-31,SCHD,BUY,13.018006,68.68,0.89
2023-08-31,META,BUY,1.331373,155.63,0.5
2023-08-31,XLV,BUY,0.946674,102.32,0.5
2023-08-31,IEF,BUY,3.917867,161.25,0.63
2023-08-31,EFA,BUY,9.371271,94.69,0.89
2023-09-29,CASH,DEPOSIT,0.0,4000.0,0.0
2023-09-29,CASH,INTEREST,0.0,10.0,0.0
2023-09-29,AMZN,BUY,5.792757,47.16,0.5
2023-09-29,EEM,BUY,31.800664,52.14,1.66
2023-09-29,SPY,BUY,1.294216,333.03,0.5
2023-09-29,META,BUY,0.388727,148.84,0.5
2023-09-29,BND,BUY,4.10862,117.64,0.5
2023-09-29,SCHD,BUY,2.233874,75.45,0.5
2023-09-29,MSFT,BUY,6.632901,74.93,0.5
2023-09-29,QQQ,BUY,0.17398,177.85,0.5
2023-09-29,VTI,DIVIDEND,0.0,261.39,0.0
2023-09-29,VXUS,DIVIDEND,0.0,232.0,0.0
2023-09-29,BND,DIVIDEND,0.0,235.22,0.0
2023-09-29,SPY,DIVIDEND,0.0,247.14,0.0
2023-09-29,QQQ,DIVIDEND,0.0,243.8,0.0
2023-09-29,VNQ,DIVIDEND,0.0,245.51,0.0
2023-09-29,SCHD,DIVIDEND,0.0,246.89,0.0
2023-09-29,AAPL,DIVIDEND,0.0,248.35,0.0
2023-09-29,MSFT,DIVIDEND,0.0,253.1,0.0
2023-10-31,CASH,DEPOSIT,0.0,4000.0,0.0
2023-10-31,CASH,INTEREST,0.0,8.82,0.0
2023-10-31,NVDA,BUY,48.038456,12.75,0.61
2023-10-31,EEM,BUY,9.020592,50.24,0.5
2023-10-31,TSLA,BUY,2.692753,24.09,0.5
2023-10-31,BRK-B,BUY,1.532263,213.21,0.5
2023-10-31,XLP,BUY,4.176687,81.44,0.5
2023-10-31,MSFT,BUY,13.197714,83.53,1.1
2023-10-31,TLT,BUY,2.303262,189.38,0.5
2023-10-31,QQQ,BUY,1.450082,182.02,0.5
2023-11-30,CASH,DEPOSIT,0.0,4000.0,0.0
2023-11-30,CASH,INTEREST,0.0,7.48,0.0
2023-11-30,MSFT,BUY,6.05571,82.49,0.5
2023-11-30,IWM,BUY,3.134419,185.73,0.58
2023-11-30,XLI,BUY,0.080814,80.09,0.5
2023-11-30,VTI,BUY,3.877299,302.42,1.17
2023-11-30,XLE,BUY,4.758215,97.11,0.5
2023-11-30,SCHD,BUY,1.803496,71.79,0.5
2023-11-30,SPY,BUY,1.780478,353.81,0.63
2023-11-30,AMZN,BUY,2.636398,44.67,0.5
2023-12-29,CASH,DEPOSIT,0.0,4000.0,0.0
2023-12-29,CASH,INTEREST,0.0,5.89,0.0
2023-12-29,TSLA,BUY,21.003642,23.1,0.5
2023-12-29,IWM,BUY,0.10363,169.91,0.5
2023-12-29,SCHD,BUY,11.465425,72.58,0.83
2023-12-29,EEM,BUY,13.06452,52.24,0.68
2023-12-29,META,BUY,2.538792,154.9,0.5
2023-12-29,VTI,BUY,1.08908,294.74,0.5
2023-12-29,AAPL,BUY,19.324707,41.15,0.8
2023-12-29,XLU,BUY,0.95281,76.77,0.5
2023-12-29,VTI,DIVIDEND,0.0,253.01,0.0
2023-12-29,VXUS,DIVIDEND,0.0,249.9,0.0
2023-12-29,BND,DIVIDEND,0.0,258.01,0.0
2023-12-29,SPY,DIVIDEND,0.0,220.97,0.0
2023-12-29,QQQ,DIVIDEND,0.0,254.78,0.0
2023-12-29,VNQ,DIVIDEND,0.0,241.46,0.0
2023-12-29,SCHD,DIVIDEND,0.0,229.69,0.0
2023-12-29,AAPL,DIVIDEND,0.0,253.11,0.0
2023-12-29,MSFT,DIVIDEND,0.0,261.74,0.0
2024-01-31,CASH,DEPOSIT,0.0,4000.0,0.0
2024-01-31,CASH,INTEREST,0.0,7.73,0.0
2024-01-31,XLK,BUY,7.764158,77.0,0.6
2024-01-31,XLB,BUY,7.837299,81.48,0.64
2024-01-31,AMZN,BUY,11.80301,48.57,0.57
2024-01-31,EEM,BUY,14.759161,52.59,0.78
2024-01-31,IWM,BUY,0.984384,176.23,0.5
2024-01-31,SPY,BUY,1.337102,343.75,0.5
2024-01-31,BND,BUY,0.530095,132.88,0.5
2024-01-31,QQQ,BUY,1.784353,174.07,0.5
2024-01-31,SPY,SELL,0.278074,346.34,0.5
2024-01-31,QQQ,SELL,0.131954,175.72,0.5
2024-01-31,AAPL,SELL,0.198017,36.33,0.5
2024-01-31,MSFT,SELL,0.237268,80.77,0.5
2024-02-29,CASH,DEPOSIT,0.0,4000.0,0.0
2024-02-29,CASH,INTEREST,0.0,3.86,0.0
2024-02-29,EFA,BUY,15.120996,88.81,1.34
2024-02-29,IWM,BUY,2.82902,165.72,0.5
2024-02-29,MSFT,BUY,3.961691,83.31,0.5
2024-02-29,XLK,BUY,13.135439,78.75,1.03
2024-02-29,SPY,BUY,0.025173,312.11,0.5
2024-02-29,XLY,BUY,0.094825,115.46,0.5
2024-02-29,TLT,BUY,1.802444,195.22,0.5
2024-02-29,QQQ,BUY,0.285542,186.46,0.5
2024-03-29,CASH,DEPOSIT,0.0,4000.0,0.0
2024-03-29,CASH,INTEREST,0.0,8.43,0.0
2024-03-29,META,BUY,0.29632,142.63,0.5
2024-03-29,IWM,BUY,0.887929,166.78,0.5
2024-03-29,GLD,BUY,1.478984,167.42,0.5
2024-03-29,MSFT,BUY,9.678444,74.91,0.73
2024-03-29,XLF,BUY,7.132184,33.36,0.5
2024-03-29,EFA,BUY,4.616382,91.78,0.5
2024-03-29,TSLA,BUY,68.150466,25.33,1.73
2024-03-29,BRK-B,BUY,0.250069,197.14,0.5
2024-03-29,VTI,DIVIDEND,0.0,262.95,0.0
2024-03-29,VXUS,DIVIDEND,0.0,249.17,0.0
2024-03-29,BND,DIVIDEND,0.0,255.47,0.0
2024-03-29,SPY,DIVIDEND,0.0,270.12,0.0
2024-03-29,QQQ,DIVIDEND,0.0,262.97,0.0
2024-03-29,VNQ,DIVIDEND,0.0,251.31,0.0
2024-03-29,SCHD,DIVIDEND,0.0,245.09,0.0
2024-03-29,AAPL,DIVIDEND,0.0,232.48,0.0
2024-03-29,MSFT,DIVIDEND,0.0,246.81,0.0
2024-04-30,CASH,DEPOSIT,0.0,4000.0,0.0
2024-04-30,CASH,INTEREST,0.0,7.58,0.0
2024-04-30,XLY,BUY,6.05428,110.02,0.67
2024-04-30,BND,BUY,0.285845,123.39,0.5
2024-04-30,AAPL,BUY,0.96735,41.37,0.5
2024-04-30,XLB,BUY,2.723595,77.03,0.5
2024-04-30,TLT,BUY,6.781771,200.71,1.36
2024-04-30,XLP,BUY,6.106056,86.61,0.53
2024-04-30,GLD,BUY,2.946909,184.48,0.54
2024-04-30,XLI,BUY,2.684785,80.14,0.5
2024-05-31,CASH,DEPOSIT,0.0,4000.0,0.0
2024-05-31,CASH,INTEREST,0.0,8.72,0.0
2024-05-31,XLU,BUY,23.593615,72.65,1.71
2024-05-31,VTI,BUY,0.159802,316.86,0.5
2024-05-31,GLD,BUY,3.05498,184.06,0.56
2024-05-31,VXUS,BUY,1.303676,86.61,0.5
2024-05-31,SCHD,BUY,0.109188,79.43,0.5
2024-05-31,XLI,BUY,5.08486,79.41,0.5
2024-05-31,EEM,BUY,4.623094,55.69,0.5
2024-05-31,TSLA,BUY,19.272993,25.43,0.5
2024-06-28,CASH,DEPOSIT,0.0,4000.0,0.0
2024-06-28,CASH,INTEREST,0.0,6.71,0.0
2024-06-28,NVDA,BUY,30.025474,14.52,0.5
2024-06-28,TSLA,BUY,5.058599,24.83,0.5
2024-06-28,XLB,BUY,1.827624,78.04,0.5
2024-06-28,XLI,BUY,7.003023,86.64,0.61
2024-06-28,AAPL,BUY,6.064948,38.02,0.5
2024-06-28,EEM,BUY,10.992485,56.81,0.62
2024-06-28,SCHD,BUY,9.801666,68.77,0.67
2024-06-28,IWM,BUY,4.129706,184.03,0.76
2024-06-28,VTI,DIVIDEND,0.0,271.27,0.0
2024-06-28,VXUS,DIVIDEND,0.0,249.09,0.0
2024-06-28,BND,DIVIDEND,0.0,255.89,0.0
2024-06-28,SPY,DIVIDEND,0.0,248.94,0.0
2024-06-28,QQQ,DIVIDEND,0.0,257.85,0.0
2024-06-28,VNQ,DIVIDEND,0.0,256.92,0.0
2024-06-28,SCHD,DIVIDEND,0.0,267.8,0.0
2024-06-28,AAPL,DIVIDEND,0.0,273.1,0.0
2024-06-28,MSFT,DIVIDEND,0.0,273.96,0.0
2024-07-31,CASH,DEPOSIT,0.0,4000.0,0.0
2024-07-31,CASH,INTEREST,0.0,6.88,0.0
2024-07-31,XLF,BUY,5.992233,36.43,0.5
2024-07-31,EEM,BUY,3.00564,51.38,0.5
2024-07-31,AAPL,BUY,10.960739,42.72,0.5
2024-07-31,EFA,BUY,4.290994,89.85,0.5
2024-07-31,XLV,BUY,1.728221,108.69,0.5
2024-07-31,XLI,BUY,1.184333,85.95,0.5
2024-07-31,SCHD,BUY,24.337456,75.32,1.83
2024-07-31,GLD,BUY,1.392111,180.05,0.5
2024-08-30,CASH,DEPOSIT,0.0,4000.0,0.0
2024-08-30,CASH,INTEREST,0.0,7.78,0.0
2024-08-30,VXUS,BUY,0.219634,95.62,0.5
2024-08-30,MSFT,BUY,3.970172,82.6,0.5
2024-08-30,XLB,BUY,1.455203,80.03,0.5
2024-08-30,BRK-B,BUY,0.070947,222.44,0.5
2024-08-30,IWM,BUY,5.372831,175.45,0.94
2024-08-30,NVDA,BUY,29.817029,13.74,0.5
2024-08-30,BND,BUY,1.964033,116.1,0.5
2024-08-30,VNQ,BUY,12.938435,118.9,1.54
2024-09-30,CASH,DEPOSIT,0.0,4000.0,0.0
2024-09-30,CASH,INTEREST,0.0,5.61,0.0
2024-09-30,AMZN,BUY,9.085346,50.96,0.5
2024-09-30,XLU,BUY,5.949475,75.26,0.5
2024-09-30,AAPL,BUY,20.003376,41.17,0.82
2024-09-30,QQQ,BUY,6.157457,167.17,1.03
2024-09-30,SPY,BUY,0.906805,367.45,0.5
2024-09-30,GOOGL,BUY,3.235912,63.85,0.5
2024-09-30,XLV,BUY,1.55288,110.94,0.5
2024-09-30,VXUS,BUY,1.213191,102.39,0.5
2024-09-30,VTI,DIVIDEND,0.0,256.81,0.0
2024-09-30,VXUS,DIVIDEND,0.0,240.7,0.0
2024-09-30,BND,DIVIDEND,0.0,263.14,0.0
2024-09-30,SPY,DIVIDEND,0.0,277.01,0.0
2024-09-30,QQQ,DIVIDEND,0.0,285.58,0.0
2024-09-30,VNQ,DIVIDEND,0.0,253.7,0.0
2024-09-30,SCHD,DIVIDEND,0.0,270.97,0.0
2024-09-30,AAPL,DIVIDEND,0.0,261.35,0.0
2024-09-30,MSFT,DIVIDEND,0.0,264.94,0.0
2024-10-31,CASH,DEPOSIT,0.0,4000.0,0.0
2024-10-31,CASH,INTEREST,0.0,13.29,0.0
2024-10-31,SPY,BUY,0.240333,328.88,0.5
2024-10-31,QQQ,BUY,5.386815,188.77,1.02
2024-10-31,XLU,BUY,9.80829,74.89,0.73
2024-10-31,XLB,BUY,4.984931,78.57,0.5
2024-10-31,EEM,BUY,4.383128,53.19,0.5
2024-10-31,TLT,BUY,3.013465,207.03,0.62
2024-10-31,AMZN,BUY,0.844138,50.73,0.5
2024-10-31,SCHD,BUY,5.938996,80.49,0.5
2024-11-29,CASH,DEPOSIT,0.0,4000.0,0.0
2024-11-29,CASH,INTEREST,0.0,7.9,0.0
2024-11-29,XLE,BUY,5.684482,107.39,0.61
2024-11-29,GOOGL,BUY,4.701489,68.76,0.5
2024-11-29,VXUS,BUY,2.479891,93.24,0.5
2024-11-29,SCHD,BUY,2.011542,77.59,0.5
2024-11-29,NVDA,BUY,70.633095,13.95,0.99
2024-11-29,MSFT,BUY,3.826113,87.74,0.5
2024-11-29,XLF,BUY,12.79649,38.44,0.5
2024-11-29,BND,BUY,3.636639,128.07,0.5
2024-12-31,CASH,DEPOSIT,0.0,4000.0,0.0
2024-12-31,CASH,INTEREST,0.0,7.61,0.0
2024-12-31,TSLA,BUY,26.889402,25.41,0.68
2024-12-31,XLE,BUY,1.941709,105.76,0.5
2024-12-31,AAPL,BUY,15.471686,43.08,0.67
2024-12-31,XLK,BUY,10.347043,76.73,0.79
2024-12-31,META,BUY,0.15205,150.62,0.5
2024-12-31,IEF,BUY,4.457312,171.25,0.76
2024-12-31,EEM,BUY,3.692349,57.2,0.5
2024-12-31,SCHD,BUY,3.435091,73.83,0.5
2024-12-31,VTI,DIVIDEND,0.0,276.07,0.0
2024-12-31,VXUS,DIVIDEND,0.0,262.28,0.0
2024-12-31,BND,DIVIDEND,0.0,258.2,0.0
2024-12-31,SPY,DIVIDEND,0.0,265.73,0.0
2024-12-31,QQQ,DIVIDEND,0.0,280.62,0.0
2024-12-31,VNQ,DIVIDEND,0.0,281.53,0.0
2024-12-31,SCHD,DIVIDEND,0.0,277.13,0.0
2024-12-31,AAPL,DIVIDEND,0.0,279.25,0.0
2024-12-31,MSFT,DIVIDEND,0.0,277.16,0.0
2025-01-31,CASH,DEPOSIT,0.0,4000.0,0.0
2025-01-31,CASH,INTEREST,0.0,6.72,0.0
2025-01-31,VXUS,BUY,5.833545,96.27,0.56
2025-01-31,MSFT,BUY,6.915749,84.97,0.59
2025-01-31,XLE,BUY,4.35477,98.97,0.5
2025-01-31,TLT,BUY,2.933547,198.66,0.58
2025-01-31,BND,BUY,5.880483,127.57,0.75
2025-01-31,XLU,BUY,5.151,74.05,0.5
2025-01-31,NVDA,BUY,2.757479,13.5,0.5
2025-01-31,XLK,BUY,3.842685,69.8,0.5
2025-01-31,SPY,SELL,0.153803,363.64,0.5
2025-01-31,QQQ,SELL,0.594961,202.18,0.5
2025-01-31,AAPL,SELL,0.135158,42.84,0.5
2025-01-31,MSFT,SELL,0.306703,84.98,0.5
2025-02-28,CASH,DEPOSIT,0.0,4000.0,0.0
2025-02-28,CASH,INTEREST,0.0,6.58,0.0
2025-02-28,XLP,BUY,1.220731,88.73,0.5
2025-02-28,EEM,BUY,2.617073,51.63,0.5
2025-02-28,MSFT,BUY,7.72543,86.26,0.67
2025-02-28,VTI,BUY,3.273662,331.33,1.08
2025-02-28,XLF,BUY,5.263442,40.41,0.5
2025-02-28,QQQ,BUY,5.47965,176.82,0.97
2025-02-28,XLI,BUY,2.17567,73.02,0.5
2025-02-28,AAPL,BUY,6.10744,43.4,0.5
2025-03-31,CASH,DEPOSIT,0.0,4000.0,0.0
2025-03-31,CASH,INTEREST,0.0,11.6,0.0
2025-03-31,SPY,BUY,0.091055,385.06,0.5
2025-03-31,SCHD,BUY,6.819151,79.22,0.54
2025-03-31,XLF,BUY,3.522061,37.02,0.5
2025-03-31,XLB,BUY,7.592438,77.6,0.59
2025-03-31,GLD,BUY,4.701019,173.13,0.81
2025-03-31,IWM,BUY,4.383017,175.0,0.77
2025-03-31,IEF,BUY,2.355749,160.68,0.5
2025-03-31,XLU,BUY,4.568569,75.66,0.5
2025-03-31,VTI,DIVIDEND,0.0,279.52,0.0
2025-03-31,VXUS,DIVIDEND,0.0,269.78,0.0
2025-03-31,BND,DIVIDEND,0.0,289.21,0.0
2025-03-31,SPY,DIVIDEND,0.0,278.0,0.0
2025-03-31,QQQ,DIVIDEND,0.0,277.91,0.0
2025-03-31,VNQ,DIVIDEND,0.0,274.72,0.0
2025-03-31,SCHD,DIVIDEND,0.0,279.55,0.0
2025-03-31,AAPL,DIVIDEND,0.0,286.25,0.0
2025-03-31,MSFT,DIVIDEND,0.0,269.33,0.0
2025-04-30,CASH,DEPOSIT,0.0,4000.0,0.0
2025-04-30,CASH,INTEREST,0.0,6.68,0.0
2025-04-30,NVDA,BUY,12.084353,13.66,0.5
2025-04-30,XLY,BUY,0.941579,123.7,0.5
2025-04-30,XLU,BUY,8.806999,77.6,0.68
2025-04-30,XLE,BUY,1.318032,105.38,0.5
2025-04-30,QQQ,BUY,3.104838,185.11,0.57
2025-04-30,XLV,BUY,8.307709,98.93,0.82
2025-04-30,GOOGL,BUY,3.051774,68.87,0.5
2025-04-30,VTI,BUY,2.521341,352.76,0.89
2025-05-30,CASH,DEPOSIT,0.0,4000.0,0.0
2025-05-30,CASH,INTEREST,0.0,9.85,0.0
2025-05-30,VNQ,BUY,0.010757,126.47,0.5
2025-05-30,SPY,BUY,0.158026,359.63,0.5
2025-05-30,TSLA,BUY,14.436998,26.9,0.5
2025-05-30,QQQ,BUY,1.683081,202.92,0.5
2025-05-30,AMZN,BUY,20.303229,51.84,1.05
2025-05-30,VXUS,BUY,4.760726,93.55,0.5
2025-05-30,AAPL,BUY,21.536538,43.5,0.94
2025-05-30,XLI,BUY,4.209332,89.62,0.5
2025-06-30,CASH,DEPOSIT,0.0,4000.0,0.0
2025-06-30,CASH,INTEREST,0.0,5.11,0.0
2025-06-30,MSFT,BUY,1.596587,77.31,0.5
2025-06-30,SPY,BUY,0.640664,378.21,0.5
2025-06-30,AMZN,BUY,4.922066,49.42,0.5
2025-06-30,BND,BUY,0.205558,137.81,0.5
2025-06-30,XLF,BUY,20.078808,38.28,0.77
2025-06-30,SCHD,BUY,3.493328,81.23,0.5
2025-06-30,META,BUY,6.114741,148.78,0.91
2025-06-30,XLI,BUY,12.421924,80.55,1.0
2025-06-30,VTI,DIVIDEND,0.0,292.18,0.0
2025-06-30,VXUS,DIVIDEND,0.0,287.76,0.0
2025-06-30,BND,DIVIDEND,0.0,274.98,0.0
2025-06-30,SPY,DIVIDEND,0.0,275.3,0.0
2025-06-30,QQQ,DIVIDEND,0.0,295.25,0.0
2025-06-30,VNQ,DIVIDEND,0.0,272.11,0.0
2025-06-30,SCHD,DIVIDEND,0.0,300.43,0.0
2025-06-30,AAPL,DIVIDEND,0.0,274.99,0.0
2025-06-30,MSFT,DIVIDEND,0.0,290.38,0.0
2025-07-31,CASH,DEPOSIT,0.0,4000.0,0.0
2025-07-31,CASH,INTEREST,0.0,7.34,0.0
2025-07-31,VTI,BUY,1.211735,343.18,0.5
2025-07-31,MSFT,BUY,0.626282,86.66,0.5
2025-07-31,IEF,BUY,0.677435,158.29,0.5
2025-07-31,XLI,BUY,8.606781,76.44,0.66
2025-07-31,BRK-B,BUY,1.251035,225.76,0.5
2025-07-31,VNQ,BUY,11.106766,147.36,1.64
2025-07-31,IWM,BUY,0.070167,191.32,0.5
2025-07-31,META,BUY,2.741627,157.65,0.5
2025-08-29,CASH,DEPOSIT,0.0,4000.0,0.0
2025-08-29,CASH,INTEREST,0.0,7.47,0.0
2025-08-29,TSLA,BUY,33.634535,27.29,0.92
2025-08-29,SCHD,BUY,2.488692,81.54,0.5
2025-08-29,XLY,BUY,2.592901,121.02,0.5
2025-08-29,TLT,BUY,0.505153,205.14,0.5
2025-08-29,QQQ,BUY,2.118991,194.59,0.5
2025-08-29,XLF,BUY,9.852047,41.72,0.5
2025-08-29,XLV,BUY,1.903276,107.31,0.5
2025-08-29,EFA,BUY,11.530256,89.7,1.03
2025-09-30,CASH,DEPOSIT,0.0,4000.0,0.0
2025-09-30,CASH,INTEREST,0.0,8.33,0.0
2025-09-30,TLT,BUY,3.649292,212.54,0.78
2025-09-30,XLU,BUY,0.124708,79.09,0.5
2025-09-30,SPY,BUY,2.775805,340.52,0.95
2025-09-30,GLD,BUY,3.278306,192.62,0.63
2025-09-30,XLV,BUY,5.034375,124.37,0.63
2025-09-30,QQQ,BUY,1.300501,194.54,0.5
2025-09-30,AMZN,BUY,3.910239,53.61,0.5
2025-09-30,VXUS,BUY,1.637159,91.04,0.5
2025-09-30,VTI,DIVIDEND,0.0,283.84,0.0
2025-09-30,VXUS,DIVIDEND,0.0,286.25,0.0
2025-09-30,BND,DIVIDEND,0.0,286.82,0.0
2025-09-30,SPY,DIVIDEND,0.0,302.82,0.0
2025-09-30,QQQ,DIVIDEND,0.0,295.58,0.0
2025-09-30,VNQ,DIVIDEND,0.0,278.89,0.0
2025-09-30,SCHD,DIVIDEND,0.0,292.47,0.0
2025-09-30,AAPL,DIVIDEND,0.0,294.98,0.0
2025-09-30,MSFT,DIVIDEND,0.0,301.4,0.0
2025-10-31,CASH,DEPOSIT,0.0,4000.0,0.0
2025-10-31,CASH,INTEREST,0.0,11.16,0.0
2025-10-31,TSLA,BUY,5.572898,25.25,0.5
2025-10-31,GOOGL,BUY,2.912374,67.97,0.5
2025-10-31,TLT,BUY,4.962645,235.03,1.17
2025-10-31,EEM,BUY,3.074749,52.19,0.5
2025-10-31,XLE,BUY,2.764069,107.38,0.5
2025-10-31,SCHD,BUY,11.750489,87.87,1.03
2025-10-31,XLV,BUY,4.987454,115.31,0.58
2025-10-31,MSFT,BUY,0.341884,87.82,0.5
2025-11-28,CASH,DEPOSIT,0.0,4000.0,0.0
2025-11-28,CASH,INTEREST,0.0,7.29,0.0
2025-11-28,XLV,BUY,11.202149,113.22,1.27
2025-11-28,BND,BUY,3.453614,137.43,0.5
2025-11-28,NVDA,BUY,46.544938,13.1,0.61
2025-11-28,META,BUY,2.667657,163.9,0.5
2025-11-28,GOOGL,BUY,0.441469,78.41,0.5
2025-11-28,MSFT,BUY,1.684826,82.93,0.5
2025-11-28,EFA,BUY,4.601206,98.83,0.5
2025-11-28,XLU,BUY,2.336468,77.45,0.5
2025-12-31,CASH,DEPOSIT,0.0,4000.0,0.0
2025-12-31,CASH,INTEREST,0.0,8.85,0.0
2025-12-31,VXUS,BUY,8.508635,98.36,0.84
2025-12-31,SPY,BUY,0.258607,403.04,0.5
2025-12-31,EEM,BUY,6.581775,58.19,0.5
2025-12-31,AMZN,BUY,14.193804,52.76,0.75
2025-12-31,META,BUY,1.044461,160.79,0.5
2025-12-31,GOOGL,BUY,9.027989,67.0,0.6
2025-12-31,EFA,BUY,6.412902,101.24,0.65
2025-12-31,TLT,BUY,0.468845,223.86,0.5
2025-12-31,VTI,DIVIDEND,0.0,291.48,0.0
2025-12-31,VXUS,DIVIDEND,0.0,291.3,0.0
2025-12-31,BND,DIVIDEND,0.0,298.66,0.0
2025-12-31,SPY,DIVIDEND,0.0,291.63,0.0
2025-12-31,QQQ,DIVIDEND,0.0,295.34,0.0
2025-12-31,VNQ,DIVIDEND,0.0,317.0,0.0
2025-12-31,SCHD,DIVIDEND,0.0,293.53,0.0
2025-12-31,AAPL,DIVIDEND,0.0,292.42,0.0
2025-12-31,MSFT,DIVIDEND,0.0,289.52,0.0
2016-12-30,CASH,FEE,0.0,12.96,0.0
2020-09-30,CASH,FEE,0.0,23.39,0.0
2024-01-31,CASH,FEE,0.0,24.87,0.0
